County/Region,State,Year,Average Value
Kings,NY,2000,208263.63720000003
Queens,NY,2000,262974.414725
New York,NY,2000,393064.1499166666
Suffolk,NY,2000,194451.88785833333
Bronx,NY,2000,214212.0654333333
Nassau,NY,2000,257815.52326666669
Montgomery,MD,2000,143296.87982916666
Westchester,NY,2000,302584.35237499996
Prince Georges,MD,2000,148276.36531666666
Erie,NY,2000,88353.77282416665
Baltimore,MD,2000,137329.37785000002
Monroe,NY,2000,99129.31055583333
Baltimore City,MD,2000,60793.203094166674
Anne Arundel,MD,2000,172129.23235
Richmond,NY,2000,199242.561
Onondaga,NY,2000,79966.44358916667
Orange,NY,2000,141242.56089166668
Rockland,NY,2000,241788.06514999995
Howard,MD,2000,205719.163125
Albany,NY,2000,117522.654675
Dutchess,NY,2000,177596.05925000002
Frederick,MD,2000,173668.90604166663
Harford,MD,2000,160674.3064166667
Saratoga,NY,2000,124010.79405833331
Oneida,NY,2000,67248.76840333334
Niagara,NY,2000,75085.38017583333
Broome,NY,2000,62880.157445
Ulster,NY,2000,119257.29310000001
Carroll,MD,2000,171046.29069166665
Charles,MD,2000,178193.48610833334
Rensselaer,NY,2000,103022.00823333334
Schenectady,NY,2000,93966.74352916666
Washington,MD,2000,99024.24862708336
Chautauqua,NY,2000,57201.75807
Oswego,NY,2000,63171.13018833333
Jefferson,NY,2000,52392.600739166664
Saint Marys,MD,2000,164233.5882
Ontario,NY,2000,108080.99164999998
Saint Lawrence,NY,2000,47288.427064999996
Tompkins,NY,2000,87665.36172750003
Cecil,MD,2000,142218.47281666668
Wicomico,MD,2000,112613.84517500002
Putnam,NY,2000,207004.82997499997
Steuben,NY,2000,76517.93989583333
Calvert,MD,2000,176015.66708333333
Wayne,NY,2000,98984.85830583332
Chemung,NY,2000,57064.8677075
Clinton,NY,2000,82715.63250333333
Sullivan,NY,2000,70768.99398833333
Cattaraugus,NY,2000,54069.30503083334
Cayuga,NY,2000,60869.26527333333
Allegany,MD,2000,50402.26593999999
Madison,NY,2000,90348.0875875
Warren,NY,2000,97781.50230583333
Livingston,NY,2000,88992.8944875
Columbia,NY,2000,104046.98206666665
Herkimer,NY,2000,57128.247853333334
Otsego,NY,2000,53128.203817500005
Genesee,NY,2000,76945.34768333334
Fulton,NY,2000,60978.63857916667
Worcester,MD,2000,124977.72914166667
Queen Annes,MD,2000,209567.2676916667
Tioga,NY,2000,73014.8487725
Greene,NY,2000,78043.68404916667
Franklin,NY,2000,61229.6074025
Chenango,NY,2000,51674.03010416666
Cortland,NY,2000,65681.62617583334
Delaware,NY,2000,66669.5652325
Wyoming,NY,2000,67601.633065
Orleans,NY,2000,60408.31347583333
Talbot,MD,2000,193837.24423333336
Essex,NY,2000,71761.70936583333
Seneca,NY,2000,73372.86773166667
Caroline,MD,2000,95611.01674
Dorchester,MD,2000,75189.44868000002
Schoharie,NY,2000,73964.83611333334
Garrett,MD,2000,101649.03760333335
Lewis,NY,2000,62188.385353333324
Somerset,MD,2000,70950.07724166666
Yates,NY,2000,96813.018635
Kent,MD,2000,121025.51356666665
Schuyler,NY,2000,80717.53261833335
Hamilton,NY,2000,84612.33883666668
Kings,NY,2001,235577.25912727273
Queens,NY,2001,297662.9566
New York,NY,2001,469092.51328181825
Suffolk,NY,2001,227917.67277272727
Bronx,NY,2001,235419.0973636364
Nassau,NY,2001,289225.21491818177
Montgomery,MD,2001,160368.67694863633
Westchester,NY,2001,344463.68227272725
Prince Georges,MD,2001,154776.82065454544
Erie,NY,2001,88556.00446545455
Baltimore,MD,2001,143073.4204181818
Monroe,NY,2001,102365.00907272728
Baltimore City,MD,2001,62641.94344545454
Anne Arundel,MD,2001,184530.06236363636
Richmond,NY,2001,229253.02961818178
Onondaga,NY,2001,83967.61764272727
Orange,NY,2001,156295.46226363638
Rockland,NY,2001,274225.0518636364
Howard,MD,2001,224467.3413545454
Albany,NY,2001,120197.59657272729
Dutchess,NY,2001,197910.90254545453
Frederick,MD,2001,185102.63271818182
Harford,MD,2001,166432.58544545455
Saratoga,NY,2001,130001.9526909091
Oneida,NY,2001,70062.0350509091
Niagara,NY,2001,78068.13265090912
Broome,NY,2001,65970.22163272726
Ulster,NY,2001,131522.6040090909
Carroll,MD,2001,178541.87056363636
Charles,MD,2001,187197.97548181817
Rensselaer,NY,2001,107968.76113636364
Schenectady,NY,2001,99211.22021818183
Washington,MD,2001,104771.22787818182
Chautauqua,NY,2001,60349.47183818181
Oswego,NY,2001,66190.29922454547
Jefferson,NY,2001,55720.56802636364
Saint Marys,MD,2001,171092.1647
Ontario,NY,2001,113582.39971818183
Saint Lawrence,NY,2001,50130.50321727272
Tompkins,NY,2001,92290.89410454546
Cecil,MD,2001,151043.77249090912
Wicomico,MD,2001,117929.87700909092
Putnam,NY,2001,232834.01563636362
Steuben,NY,2001,81617.81181181819
Calvert,MD,2001,187089.29867272728
Wayne,NY,2001,108172.29291818183
Chemung,NY,2001,59460.470056363636
Clinton,NY,2001,89143.53667
Sullivan,NY,2001,77987.15896636364
Cattaraugus,NY,2001,58226.47305636364
Cayuga,NY,2001,65833.35356999999
Allegany,MD,2001,54473.1427859091
Madison,NY,2001,97875.36010727273
Warren,NY,2001,105321.23720909092
Livingston,NY,2001,95306.86268454546
Columbia,NY,2001,112912.18488181816
Herkimer,NY,2001,62030.25378272726
Otsego,NY,2001,57930.63433818182
Genesee,NY,2001,82298.13822363637
Fulton,NY,2001,65817.96011727271
Worcester,MD,2001,145086.90775454545
Queen Annes,MD,2001,228626.9958818182
Tioga,NY,2001,78392.84027363636
Greene,NY,2001,84566.57075363638
Franklin,NY,2001,66532.84944363637
Chenango,NY,2001,56079.00496454544
Cortland,NY,2001,70764.74992999999
Delaware,NY,2001,72984.11320818182
Wyoming,NY,2001,72920.7168290909
Orleans,NY,2001,64735.96511545454
Talbot,MD,2001,211400.27777272725
Essex,NY,2001,78456.93960181817
Seneca,NY,2001,78861.55067636364
Caroline,MD,2001,104402.37112545455
Dorchester,MD,2001,81004.98336454545
Schoharie,NY,2001,80353.3336509091
Garrett,MD,2001,110450.39736363637
Lewis,NY,2001,66937.16754818181
Somerset,MD,2001,75944.11876181817
Yates,NY,2001,105480.39398181817
Kent,MD,2001,131839.86296363638
Schuyler,NY,2001,87063.70969272728
Hamilton,NY,2001,92237.07464818182
Kings,NY,2002,203579.88325454545
Queens,NY,2002,317071.45537272724
New York,NY,2002,534289.0259545455
Suffolk,NY,2002,266933.2566363636
Bronx,NY,2002,263804.4558272727
Nassau,NY,2002,326215.25390909094
Montgomery,MD,2002,183512.45743727277
Westchester,NY,2002,390946.14039090904
Prince Georges,MD,2002,170596.5610090909
Erie,NY,2002,92888.55682454546
Baltimore,MD,2002,153701.08490000002
Monroe,NY,2002,105954.55221818182
Baltimore City,MD,2002,65276.01301545455
Anne Arundel,MD,2002,206591.6995909091
Richmond,NY,2002,259903.5174818182
Onondaga,NY,2002,88113.43208727274
Orange,NY,2002,176942.8359
Rockland,NY,2002,311027.9276818182
Howard,MD,2002,254582.3069363636
Albany,NY,2002,128031.95391818183
Dutchess,NY,2002,229539.55847272734
Frederick,MD,2002,207969.44198181824
Harford,MD,2002,177182.90909090906
Saratoga,NY,2002,141500.1466
Oneida,NY,2002,73112.66369909092
Niagara,NY,2002,70657.5948809091
Broome,NY,2002,69675.45699363636
Ulster,NY,2002,146735.6296818182
Carroll,MD,2002,194229.2308818182
Charles,MD,2002,200143.80142727273
Rensselaer,NY,2002,114547.99329999997
Schenectady,NY,2002,104290.79103636365
Washington,MD,2002,113139.32585909091
Chautauqua,NY,2002,61611.77703363637
Oswego,NY,2002,71628.10617181819
Jefferson,NY,2002,60198.624110909084
Saint Marys,MD,2002,179496.1795909091
Ontario,NY,2002,116867.32257272727
Saint Lawrence,NY,2002,55101.13454363637
Tompkins,NY,2002,95389.26397454547
Cecil,MD,2002,159797.14922727275
Wicomico,MD,2002,122856.90531818183
Putnam,NY,2002,266729.4359909091
Steuben,NY,2002,85185.55814818182
Calvert,MD,2002,201533.6831181818
Wayne,NY,2002,106091.63750909091
Chemung,NY,2002,51703.5961290909
Clinton,NY,2002,96756.20709272729
Sullivan,NY,2002,87699.76681727273
Cattaraugus,NY,2002,63708.99433909091
Cayuga,NY,2002,71087.53250727273
Allegany,MD,2002,59413.44181045454
Madison,NY,2002,65650.51762727273
Warren,NY,2002,115165.45938181817
Livingston,NY,2002,103025.55704545454
Columbia,NY,2002,124383.80907272728
Herkimer,NY,2002,67622.7787
Otsego,NY,2002,63723.54359545455
Genesee,NY,2002,89006.61020181818
Fulton,NY,2002,72217.86907999999
Worcester,MD,2002,172083.1164090909
Queen Annes,MD,2002,249886.04721818183
Tioga,NY,2002,85315.52803363636
Greene,NY,2002,92864.4663090909
Franklin,NY,2002,72457.14049818182
Chenango,NY,2002,61680.13323636364
Cortland,NY,2002,76928.65898727273
Delaware,NY,2002,79795.94503181819
Wyoming,NY,2002,79018.82639545454
Orleans,NY,2002,70141.90321636364
Talbot,MD,2002,229967.93931818183
Essex,NY,2002,85668.22768636362
Seneca,NY,2002,84865.47481
Caroline,MD,2002,115012.84157272727
Dorchester,MD,2002,89065.38537272728
Schoharie,NY,2002,87461.0717909091
Garrett,MD,2002,122211.02816363635
Lewis,NY,2002,72703.83864272728
Somerset,MD,2002,82664.73662818182
Yates,NY,2002,114556.16743636363
Kent,MD,2002,145125.7992909091
Schuyler,NY,2002,94748.39764818182
Hamilton,NY,2002,99776.92119363636
Kings,NY,2003,299028.8649727273
Queens,NY,2003,340713.7050181818
New York,NY,2003,446852.4210909091
Suffolk,NY,2003,318697.04072727275
Bronx,NY,2003,258654.45764545453
Nassau,NY,2003,378265.82054545457
Montgomery,MD,2003,208339.46402863634
Westchester,NY,2003,442184.0555727273
Prince Georges,MD,2003,191998.03380909088
Erie,NY,2003,97158.61400363635
Baltimore,MD,2003,170855.9086272727
Monroe,NY,2003,110825.86316363636
Baltimore City,MD,2003,69478.7970490909
Anne Arundel,MD,2003,238405.31846363636
Richmond,NY,2003,294874.5469090909
Onondaga,NY,2003,94760.01368636361
Orange,NY,2003,209184.96504545453
Rockland,NY,2003,357694.5168636364
Howard,MD,2003,297040.5680909091
Albany,NY,2003,141689.9391181818
Dutchess,NY,2003,267012.7192818182
Frederick,MD,2003,241040.54359999995
Harford,MD,2003,197699.94586363639
Saratoga,NY,2003,159004.0424090909
Oneida,NY,2003,77804.35597272727
Niagara,NY,2003,80226.96177
Broome,NY,2003,72310.41485090909
Ulster,NY,2003,167129.87039999999
Carroll,MD,2003,223379.96928181816
Charles,MD,2003,227283.91314545457
Rensselaer,NY,2003,123706.60350909093
Schenectady,NY,2003,114823.91896363636
Washington,MD,2003,123419.45548909086
Chautauqua,NY,2003,63686.80885818182
Oswego,NY,2003,72952.62386272728
Jefferson,NY,2003,64479.69552272726
Saint Marys,MD,2003,198904.33970909097
Ontario,NY,2003,121764.98964545455
Saint Lawrence,NY,2003,59777.41081818182
Tompkins,NY,2003,106511.39203636366
Cecil,MD,2003,173831.78623636367
Wicomico,MD,2003,132862.96726363638
Putnam,NY,2003,307803.1667
Steuben,NY,2003,83434.4408281818
Calvert,MD,2003,231875.1411909091
Wayne,NY,2003,106181.84910909088
Chemung,NY,2003,64097.46644363636
Clinton,NY,2003,83739.18045454545
Sullivan,NY,2003,90319.33019
Cattaraugus,NY,2003,56765.30512999999
Cayuga,NY,2003,63023.21941000001
Allegany,MD,2003,64229.10349545454
Madison,NY,2003,103473.81793636364
Warren,NY,2003,122483.82157272728
Livingston,NY,2003,110545.71677272726
Columbia,NY,2003,137704.10635454545
Herkimer,NY,2003,73653.45156999999
Otsego,NY,2003,69925.55331363637
Genesee,NY,2003,95901.01798818182
Fulton,NY,2003,79017.54686272728
Worcester,MD,2003,211924.6455909091
Queen Annes,MD,2003,290027.29133636365
Tioga,NY,2003,92527.96732909091
Greene,NY,2003,102065.55037818183
Franklin,NY,2003,78939.78970363637
Chenango,NY,2003,67223.98046545454
Cortland,NY,2003,83043.48602272727
Delaware,NY,2003,88377.18918363635
Wyoming,NY,2003,85474.67101181817
Orleans,NY,2003,75651.65408090908
Talbot,MD,2003,256191.00287272732
Essex,NY,2003,93987.72881454545
Seneca,NY,2003,91519.82530909091
Caroline,MD,2003,127438.96938181818
Dorchester,MD,2003,98437.7057490909
Schoharie,NY,2003,95237.75405
Garrett,MD,2003,134148.83616363633
Lewis,NY,2003,79125.67330909091
Somerset,MD,2003,90112.25626363637
Yates,NY,2003,123864.37913636364
Kent,MD,2003,159484.8521454545
Schuyler,NY,2003,102203.16987181817
Hamilton,NY,2003,110110.98464545453
Kings,NY,2004,346174.2956
Queens,NY,2004,376005.7454000001
New York,NY,2004,722645.224
Suffolk,NY,2004,363581.11422499997
Bronx,NY,2004,312940.11397500004
Nassau,NY,2004,425111.04954999994
Montgomery,MD,2004,244383.66649374997
Westchester,NY,2004,487983.5954666666
Prince Georges,MD,2004,221420.01215000005
Erie,NY,2004,103427.03781666665
Baltimore,MD,2004,196982.07434999998
Monroe,NY,2004,116305.45642499998
Baltimore City,MD,2004,75637.43291583333
Anne Arundel,MD,2004,281039.89955833333
Richmond,NY,2004,331616.2376833334
Onondaga,NY,2004,102536.10245
Orange,NY,2004,238348.54505000004
Rockland,NY,2004,398135.86380833335
Howard,MD,2004,347163.51452500006
Albany,NY,2004,160851.42373333333
Dutchess,NY,2004,220233.9826583333
Frederick,MD,2004,283067.3789416666
Harford,MD,2004,227947.51424166665
Saratoga,NY,2004,182773.416675
Oneida,NY,2004,83984.01504000001
Niagara,NY,2004,85195.58013
Broome,NY,2004,76026.93043416667
Ulster,NY,2004,195015.9568416667
Carroll,MD,2004,261449.75539999994
Charles,MD,2004,267689.81653333333
Rensselaer,NY,2004,136113.32379166665
Schenectady,NY,2004,129761.22322500001
Washington,MD,2004,125735.77118041665
Chautauqua,NY,2004,67672.05222416666
Oswego,NY,2004,72378.90948
Jefferson,NY,2004,70757.28128166667
Saint Marys,MD,2004,236479.2123416667
Ontario,NY,2004,128757.18029999999
Saint Lawrence,NY,2004,64129.097780833334
Tompkins,NY,2004,118388.45354166666
Cecil,MD,2004,200596.00009999998
Wicomico,MD,2004,150118.86023333334
Putnam,NY,2004,347583.167875
Steuben,NY,2004,85681.46792583335
Calvert,MD,2004,275589.08624166664
Wayne,NY,2004,108635.62989999999
Chemung,NY,2004,73637.12118166666
Clinton,NY,2004,103687.78730000001
Sullivan,NY,2004,110400.79255833333
Cattaraugus,NY,2004,67196.84973
Cayuga,NY,2004,86221.985165
Allegany,MD,2004,69566.44896208335
Madison,NY,2004,108324.77564999998
Warren,NY,2004,133880.8759166667
Livingston,NY,2004,118687.81553333333
Columbia,NY,2004,155611.8075
Herkimer,NY,2004,82150.3726975
Otsego,NY,2004,78516.11699333334
Genesee,NY,2004,105259.4892525
Fulton,NY,2004,87784.17344416666
Worcester,MD,2004,248705.77266666666
Queen Annes,MD,2004,337632.02939999994
Tioga,NY,2004,102761.99678666667
Greene,NY,2004,115365.765925
Franklin,NY,2004,87943.25361083332
Chenango,NY,2004,74040.14649583334
Cortland,NY,2004,91900.5741125
Delaware,NY,2004,100012.36469916668
Wyoming,NY,2004,94599.73032833333
Orleans,NY,2004,83240.877615
Talbot,MD,2004,304294.6337333333
Essex,NY,2004,105350.63182166667
Seneca,NY,2004,101667.21123833333
Caroline,MD,2004,149633.65935
Dorchester,MD,2004,115948.20545
Schoharie,NY,2004,106355.988175
Garrett,MD,2004,157254.2044
Lewis,NY,2004,87475.50810583333
Somerset,MD,2004,104179.78774583332
Yates,NY,2004,136781.91285833332
Kent,MD,2004,186622.59386666666
Schuyler,NY,2004,112525.44744166666
Hamilton,NY,2004,123919.30013333332
Kings,NY,2005,414924.77500909095
Queens,NY,2005,442087.33389999997
New York,NY,2005,865810.1945999999
Suffolk,NY,2005,416911.26037272724
Bronx,NY,2005,370065.73586363636
Nassau,NY,2005,480457.7485636365
Montgomery,MD,2005,289778.45975818177
Westchester,NY,2005,549073.9240909091
Prince Georges,MD,2005,280185.89601818175
Erie,NY,2005,108501.23183636363
Baltimore,MD,2005,238471.91946363635
Monroe,NY,2005,119478.45766363638
Baltimore City,MD,2005,90369.12131545454
Anne Arundel,MD,2005,344153.9172909091
Richmond,NY,2005,380899.4409636364
Onondaga,NY,2005,109124.30489090909
Orange,NY,2005,274403.9826090909
Rockland,NY,2005,453836.27836363635
Howard,MD,2005,419009.1009363637
Albany,NY,2005,185299.6079
Dutchess,NY,2005,295462.1621909091
Frederick,MD,2005,343964.5778818182
Harford,MD,2005,274924.09613636363
Saratoga,NY,2005,212490.23925454545
Oneida,NY,2005,90762.63093090909
Niagara,NY,2005,88617.88885727272
Broome,NY,2005,81484.5629090909
Ulster,NY,2005,228703.889
Carroll,MD,2005,318013.2845363636
Charles,MD,2005,335578.03870909096
Rensselaer,NY,2005,158130.19607272727
Schenectady,NY,2005,146669.4015090909
Washington,MD,2005,160386.50209954547
Chautauqua,NY,2005,71365.38200909091
Oswego,NY,2005,77360.70100090909
Jefferson,NY,2005,84873.60181545456
Saint Marys,MD,2005,299959.1180636365
Ontario,NY,2005,134437.48342727273
Saint Lawrence,NY,2005,67457.53445363637
Tompkins,NY,2005,131432.55080909093
Cecil,MD,2005,237573.42230909088
Wicomico,MD,2005,179228.30184545455
Putnam,NY,2005,389962.9777272728
Steuben,NY,2005,90411.30876545455
Calvert,MD,2005,338865.0175363636
Wayne,NY,2005,113125.47982727272
Chemung,NY,2005,79379.75805545454
Clinton,NY,2005,109847.30585454546
Sullivan,NY,2005,121142.47929090909
Cattaraugus,NY,2005,77737.55022272727
Cayuga,NY,2005,97201.78110090908
Allegany,MD,2005,76861.99790181819
Madison,NY,2005,114746.09313636365
Warren,NY,2005,153956.4407363636
Livingston,NY,2005,123283.33302727272
Columbia,NY,2005,178823.8092
Herkimer,NY,2005,92294.76914181818
Otsego,NY,2005,91222.58147363637
Genesee,NY,2005,117465.76126363636
Fulton,NY,2005,96810.76307818183
Worcester,MD,2005,290679.33567272726
Queen Annes,MD,2005,401370.5105818182
Tioga,NY,2005,115226.00724545456
Greene,NY,2005,132863.94795454547
Franklin,NY,2005,99387.10588545454
Chenango,NY,2005,80262.65964272729
Cortland,NY,2005,100756.00673545453
Delaware,NY,2005,115137.3962090909
Wyoming,NY,2005,105431.57436363636
Orleans,NY,2005,90438.13871636364
Talbot,MD,2005,356159.3858090909
Essex,NY,2005,120465.53008181817
Seneca,NY,2005,113495.54995454544
Caroline,MD,2005,184750.4378
Dorchester,MD,2005,88555.49900000001
Schoharie,NY,2005,121213.43092727271
Garrett,MD,2005,192003.8829
Lewis,NY,2005,98607.12993818181
Somerset,MD,2005,127554.15861818181
Yates,NY,2005,151952.67303636365
Kent,MD,2005,230377.71907272728
Schuyler,NY,2005,125376.18280909093
Hamilton,NY,2005,141311.6731909091
Kings,NY,2006,466615.5864818182
Queens,NY,2006,457136.17989090906
New York,NY,2006,976646.5440272727
Suffolk,NY,2006,451578.4508363636
Bronx,NY,2006,434474.6847363636
Nassau,NY,2006,518965.6400090908
Montgomery,MD,2006,318342.22330454545
Westchester,NY,2006,595901.1916090909
Prince Georges,MD,2006,341793.4225454545
Erie,NY,2006,114408.8623818182
Baltimore,MD,2006,275960.4074454545
Monroe,NY,2006,123232.8609363636
Baltimore City,MD,2006,110655.26168181817
Anne Arundel,MD,2006,389744.35259090905
Richmond,NY,2006,424601.0681272727
Onondaga,NY,2006,115675.34532727272
Orange,NY,2006,297929.94199090917
Rockland,NY,2006,488337.7093727272
Howard,MD,2006,471949.32230000006
Albany,NY,2006,203749.3049727273
Dutchess,NY,2006,315333.0132181818
Frederick,MD,2006,385397.6092909091
Harford,MD,2006,311331.37863636366
Saratoga,NY,2006,234519.7357
Oneida,NY,2006,98209.95897727273
Niagara,NY,2006,91852.96751363637
Broome,NY,2006,90195.24376090908
Ulster,NY,2006,249586.5734
Carroll,MD,2006,352018.89162727277
Charles,MD,2006,391224.06455454545
Rensselaer,NY,2006,177001.7745090909
Schenectady,NY,2006,165009.9372272727
Washington,MD,2006,185568.5927181818
Chautauqua,NY,2006,73930.69740818182
Oswego,NY,2006,85123.14628818182
Jefferson,NY,2006,100774.12855363637
Saint Marys,MD,2006,346029.7474181818
Ontario,NY,2006,139641.5729
Saint Lawrence,NY,2006,75008.57250636363
Tompkins,NY,2006,139390.7227
Cecil,MD,2006,274072.3022454545
Wicomico,MD,2006,209623.67414545454
Putnam,NY,2006,410104.80400909093
Steuben,NY,2006,98886.44486636364
Calvert,MD,2006,385957.21985454555
Wayne,NY,2006,119598.02558181818
Chemung,NY,2006,80635.22530363637
Clinton,NY,2006,121006.39674545456
Sullivan,NY,2006,130411.64275454548
Cattaraugus,NY,2006,83593.69455000001
Cayuga,NY,2006,109308.94483636365
Allegany,MD,2006,85683.76023363635
Madison,NY,2006,122893.23680000001
Warren,NY,2006,184185.50372727273
Livingston,NY,2006,127196.94606363638
Columbia,NY,2006,197877.55383636363
Herkimer,NY,2006,97050.40530272727
Otsego,NY,2006,108678.72517272727
Genesee,NY,2006,122286.52658181818
Fulton,NY,2006,103317.00279090909
Worcester,MD,2006,323730.2396545454
Queen Annes,MD,2006,453164.7715818181
Tioga,NY,2006,121013.9689090909
Greene,NY,2006,144081.73244545455
Franklin,NY,2006,105328.5928
Chenango,NY,2006,88915.17095
Cortland,NY,2006,108241.57232727273
Delaware,NY,2006,124105.7208
Wyoming,NY,2006,109820.6296
Orleans,NY,2006,95384.99194090911
Talbot,MD,2006,296375.8465454545
Essex,NY,2006,128922.11207272726
Seneca,NY,2006,117841.45789999998
Caroline,MD,2006,163931.39854545455
Dorchester,MD,2006,165183.81170909092
Schoharie,NY,2006,130424.82361818184
Garrett,MD,2006,215060.70458181817
Lewis,NY,2006,104653.85475454545
Somerset,MD,2006,143368.40744545456
Yates,NY,2006,158899.60504545455
Kent,MD,2006,260128.89097272733
Schuyler,NY,2006,131177.76956363636
Hamilton,NY,2006,151439.18153636364
Kings,NY,2007,473764.3207636364
Queens,NY,2007,501415.21650000004
New York,NY,2007,947396.6362454544
Suffolk,NY,2007,444997.07225454546
Bronx,NY,2007,475679.7293545455
Nassau,NY,2007,503483.03779090906
Montgomery,MD,2007,313018.7869090908
Westchester,NY,2007,586442.6296181818
Prince Georges,MD,2007,356698.0095363636
Erie,NY,2007,118198.6874818182
Baltimore,MD,2007,286524.41552727274
Monroe,NY,2007,125372.01233636365
Baltimore City,MD,2007,123099.20184545453
Anne Arundel,MD,2007,389093.3341727273
Richmond,NY,2007,428353.6072272727
Onondaga,NY,2007,120638.45420909091
Orange,NY,2007,296604.2500909091
Rockland,NY,2007,467482.05164545454
Howard,MD,2007,468455.34273636364
Albany,NY,2007,213346.05309090906
Dutchess,NY,2007,309977.2386181818
Frederick,MD,2007,374003.02138181817
Harford,MD,2007,316822.9615272727
Saratoga,NY,2007,242029.6137909091
Oneida,NY,2007,106025.77456363635
Niagara,NY,2007,93500.42977909092
Broome,NY,2007,98099.74567545456
Ulster,NY,2007,246760.75619090907
Carroll,MD,2007,349844.6811727273
Charles,MD,2007,399425.0440181819
Rensselaer,NY,2007,186696.68534545452
Schenectady,NY,2007,172365.29885454543
Washington,MD,2007,191129.06573181815
Chautauqua,NY,2007,76349.39807363636
Oswego,NY,2007,87585.0326509091
Jefferson,NY,2007,110622.41430000002
Saint Marys,MD,2007,357955.5013363636
Ontario,NY,2007,142803.62221818184
Saint Lawrence,NY,2007,79283.04524272728
Tompkins,NY,2007,143292.51313636362
Cecil,MD,2007,280477.47570000007
Wicomico,MD,2007,217677.2284
Putnam,NY,2007,406382.07205454545
Steuben,NY,2007,103347.50604545455
Calvert,MD,2007,393595.0318
Wayne,NY,2007,121870.55475454545
Chemung,NY,2007,83901.7018409091
Clinton,NY,2007,125492.75166363636
Sullivan,NY,2007,136550.2623363636
Cattaraugus,NY,2007,89854.85228545453
Cayuga,NY,2007,116643.20007272727
Allegany,MD,2007,90605.06070181816
Madison,NY,2007,130486.24298181821
Warren,NY,2007,186487.61737272728
Livingston,NY,2007,131700.84477272726
Columbia,NY,2007,215173.1734363636
Herkimer,NY,2007,102077.51185818181
Otsego,NY,2007,123684.11817272728
Genesee,NY,2007,124446.32984545454
Fulton,NY,2007,110517.8576090909
Worcester,MD,2007,308928.80007272726
Queen Annes,MD,2007,456284.516190909
Tioga,NY,2007,121434.75899090907
Greene,NY,2007,131426.27523636364
Franklin,NY,2007,106077.61946363637
Chenango,NY,2007,94578.70392090907
Cortland,NY,2007,117970.77100000001
Delaware,NY,2007,128295.7961
Wyoming,NY,2007,114139.57648181818
Orleans,NY,2007,97512.84951636364
Talbot,MD,2007,364390.9724454545
Essex,NY,2007,119217.3755727273
Seneca,NY,2007,116787.37507272727
Caroline,MD,2007,209486.75376363637
Dorchester,MD,2007,174528.07461818182
Schoharie,NY,2007,132609.59885454547
Garrett,MD,2007,232048.21886363637
Lewis,NY,2007,106825.34664545454
Somerset,MD,2007,145863.97814545452
Yates,NY,2007,158728.9219
Kent,MD,2007,263226.57116363634
Schuyler,NY,2007,130541.74417272727
Hamilton,NY,2007,154123.34503636364
Kings,NY,2008,468429.21763333335
Queens,NY,2008,486176.82909166673
New York,NY,2008,951317.3901999999
Suffolk,NY,2008,421149.64557500003
Bronx,NY,2008,467041.19725000014
Nassau,NY,2008,482124.84946666675
Montgomery,MD,2008,284018.24840833334
Westchester,NY,2008,570916.2255749999
Prince Georges,MD,2008,319991.116275
Erie,NY,2008,120347.1992333333
Baltimore,MD,2008,276198.72256666666
Monroe,NY,2008,127058.307525
Baltimore City,MD,2008,124732.7872666667
Anne Arundel,MD,2008,359801.8153916667
Richmond,NY,2008,414723.05864999996
Onondaga,NY,2008,123169.64580833334
Orange,NY,2008,279522.84219166666
Rockland,NY,2008,447296.9006333333
Howard,MD,2008,434250.598775
Albany,NY,2008,209954.15564166664
Dutchess,NY,2008,295894.6268666667
Frederick,MD,2008,334419.30627500004
Harford,MD,2008,302633.0275083334
Saratoga,NY,2008,237042.39335000003
Oneida,NY,2008,108811.9791833333
Niagara,NY,2008,95526.40267333332
Broome,NY,2008,107190.30543333333
Ulster,NY,2008,243244.11825000003
Carroll,MD,2008,332147.24042499997
Charles,MD,2008,352593.62452500005
Rensselaer,NY,2008,186717.72815833334
Schenectady,NY,2008,172705.371425
Washington,MD,2008,182781.99683750002
Chautauqua,NY,2008,78841.70223499999
Oswego,NY,2008,91172.88234833335
Jefferson,NY,2008,119417.741925
Saint Marys,MD,2008,337654.172625
Ontario,NY,2008,147406.108125
Saint Lawrence,NY,2008,79121.89959916667
Tompkins,NY,2008,158366.99089166668
Cecil,MD,2008,265682.88656666665
Wicomico,MD,2008,211466.27515
Putnam,NY,2008,388209.4895083333
Steuben,NY,2008,105255.10159166668
Calvert,MD,2008,368791.7749000001
Wayne,NY,2008,117639.03959166666
Chemung,NY,2008,83838.75805749999
Clinton,NY,2008,129639.953575
Sullivan,NY,2008,142069.13194166668
Cattaraugus,NY,2008,89585.31236833334
Cayuga,NY,2008,118347.60592500003
Allegany,MD,2008,89419.43815875001
Madison,NY,2008,131953.3463
Warren,NY,2008,192755.1953166667
Livingston,NY,2008,130326.850625
Columbia,NY,2008,212904.94495833336
Herkimer,NY,2008,103404.69919166667
Otsego,NY,2008,127407.34181666665
Genesee,NY,2008,118577.89829166666
Fulton,NY,2008,113615.450225
Worcester,MD,2008,279192.6487083333
Queen Annes,MD,2008,411245.84499166673
Tioga,NY,2008,119280.2354083333
Greene,NY,2008,168236.98813333336
Franklin,NY,2008,104078.601625
Chenango,NY,2008,96708.96134166665
Cortland,NY,2008,119573.69045
Delaware,NY,2008,132438.881125
Wyoming,NY,2008,112100.89274166664
Orleans,NY,2008,99589.20716333333
Talbot,MD,2008,381335.13888333336
Essex,NY,2008,140952.74434166666
Seneca,NY,2008,112608.18255000003
Caroline,MD,2008,194041.80104166665
Dorchester,MD,2008,159619.53819166665
Schoharie,NY,2008,130716.07210833335
Garrett,MD,2008,227247.16291666668
Lewis,NY,2008,106055.06160833333
Somerset,MD,2008,136694.41899999997
Yates,NY,2008,155413.5045
Kent,MD,2008,246494.20794999998
Schuyler,NY,2008,127729.79019166665
Hamilton,NY,2008,152724.56335833334
Kings,NY,2009,431275.68143636367
Queens,NY,2009,434596.51029090903
New York,NY,2009,937915.7581363636
Suffolk,NY,2009,388570.5187909091
Bronx,NY,2009,420379.0694181817
Nassau,NY,2009,443476.01823636366
Montgomery,MD,2009,252745.07655909096
Westchester,NY,2009,530073.6121
Prince Georges,MD,2009,247913.72114545453
Erie,NY,2009,121636.30673636362
Baltimore,MD,2009,249751.08528181817
Monroe,NY,2009,126479.8808818182
Baltimore City,MD,2009,112938.1021181818
Anne Arundel,MD,2009,328180.0837090909
Richmond,NY,2009,392965.85429090913
Onondaga,NY,2009,122359.96663636364
Orange,NY,2009,257924.9881909091
Rockland,NY,2009,414341.856509091
Howard,MD,2009,393658.0015727273
Albany,NY,2009,204487.62898181818
Dutchess,NY,2009,268747.9816909091
Frederick,MD,2009,287750.6207909091
Harford,MD,2009,276749.3968181818
Saratoga,NY,2009,230652.28068181823
Oneida,NY,2009,108373.80851818183
Niagara,NY,2009,97534.51276727272
Broome,NY,2009,105947.48166363638
Ulster,NY,2009,221441.05039999998
Carroll,MD,2009,299563.4560363636
Charles,MD,2009,295918.21781818185
Rensselaer,NY,2009,180663.33426363638
Schenectady,NY,2009,167932.04790909094
Washington,MD,2009,164230.5998590909
Chautauqua,NY,2009,80184.16999181818
Oswego,NY,2009,92980.65177454546
Jefferson,NY,2009,120246.66014545456
Saint Marys,MD,2009,300527.90671818185
Ontario,NY,2009,146860.78843636363
Saint Lawrence,NY,2009,74433.85468545454
Tompkins,NY,2009,167564.29073636362
Cecil,MD,2009,242202.38278181816
Wicomico,MD,2009,190170.4297181818
Putnam,NY,2009,354367.9706909091
Steuben,NY,2009,95730.2238509091
Calvert,MD,2009,323405.45898181817
Wayne,NY,2009,109492.0590909091
Chemung,NY,2009,85794.99298818181
Clinton,NY,2009,122906.97215454545
Sullivan,NY,2009,137568.44522727275
Cattaraugus,NY,2009,84183.62185
Cayuga,NY,2009,111943.86254545454
Allegany,MD,2009,81629.23858954546
Madison,NY,2009,124383.4162
Warren,NY,2009,185687.3493909091
Livingston,NY,2009,121825.9153181818
Columbia,NY,2009,203190.58509090907
Herkimer,NY,2009,98161.28582909089
Otsego,NY,2009,122369.91974545456
Genesee,NY,2009,109228.2445818182
Fulton,NY,2009,108910.60660909092
Worcester,MD,2009,249009.81262727277
Queen Annes,MD,2009,366603.42361818184
Tioga,NY,2009,112926.94615454544
Greene,NY,2009,162052.38724545453
Franklin,NY,2009,98926.67252272727
Chenango,NY,2009,91685.74061818182
Cortland,NY,2009,112385.53796363637
Delaware,NY,2009,127360.42812727274
Wyoming,NY,2009,104025.70997272729
Orleans,NY,2009,92992.65689999999
Talbot,MD,2009,346473.36606363644
Essex,NY,2009,137033.35824545455
Seneca,NY,2009,105111.43737272728
Caroline,MD,2009,175448.16643636365
Dorchester,MD,2009,143704.28362727276
Schoharie,NY,2009,124368.41619999999
Garrett,MD,2009,204883.92732727274
Lewis,NY,2009,101996.12346363635
Somerset,MD,2009,123605.38198181818
Yates,NY,2009,147477.32499999998
Kent,MD,2009,221693.67008181819
Schuyler,NY,2009,122156.21918181817
Hamilton,NY,2009,147667.10105454546
Kings,NY,2010,425056.5752181819
Queens,NY,2010,420285.0940454546
New York,NY,2010,877041.426618182
Suffolk,NY,2010,381198.1071636364
Bronx,NY,2010,373244.51590909093
Nassau,NY,2010,435131.73145454546
Montgomery,MD,2010,251507.69119090904
Westchester,NY,2010,518399.6379454545
Prince Georges,MD,2010,213448.53744545457
Erie,NY,2010,123492.81706363638
Baltimore,MD,2010,237316.83462727276
Monroe,NY,2010,127953.20601818184
Baltimore City,MD,2010,104309.3464581818
Anne Arundel,MD,2010,315957.0505818182
Richmond,NY,2010,392894.7326454546
Onondaga,NY,2010,123669.59323636362
Orange,NY,2010,243374.50410909095
Rockland,NY,2010,393009.95888181817
Howard,MD,2010,391604.35607272724
Albany,NY,2010,203390.96746363633
Dutchess,NY,2010,259470.07540909087
Frederick,MD,2010,281714.10607272724
Harford,MD,2010,269091.9073363636
Saratoga,NY,2010,234467.65156363632
Oneida,NY,2010,109688.2238090909
Niagara,NY,2010,100814.58925818182
Broome,NY,2010,107686.35034545454
Ulster,NY,2010,217459.82204545455
Carroll,MD,2010,288713.7906363637
Charles,MD,2010,279058.14330909087
Rensselaer,NY,2010,180066.5982272727
Schenectady,NY,2010,169275.75917272727
Washington,MD,2010,158604.49543181818
Chautauqua,NY,2010,80207.83755636364
Oswego,NY,2010,94571.3852518182
Jefferson,NY,2010,121610.15245454547
Saint Marys,MD,2010,286942.4721545455
Ontario,NY,2010,147703.35850909093
Saint Lawrence,NY,2010,72490.90104
Tompkins,NY,2010,171982.52815454546
Cecil,MD,2010,231150.91935454542
Wicomico,MD,2010,177328.7370090909
Putnam,NY,2010,347810.6259090909
Steuben,NY,2010,92728.24241818182
Calvert,MD,2010,307302.0922454545
Wayne,NY,2010,113223.37052727272
Chemung,NY,2010,88250.02690636364
Clinton,NY,2010,120217.83111818181
Sullivan,NY,2010,136190.15153636364
Cattaraugus,NY,2010,81460.5704781818
Cayuga,NY,2010,109168.69889090909
Allegany,MD,2010,77983.48026454543
Madison,NY,2010,121250.91279090907
Warren,NY,2010,183341.01451818185
Livingston,NY,2010,117831.59810909089
Columbia,NY,2010,199471.4671818182
Herkimer,NY,2010,95769.46093272729
Otsego,NY,2010,120714.75369090911
Genesee,NY,2010,104795.1145909091
Fulton,NY,2010,107121.85971818179
Worcester,MD,2010,230787.08269999997
Queen Annes,MD,2010,334986.63638181816
Tioga,NY,2010,110456.40954545456
Greene,NY,2010,158894.54141818182
Franklin,NY,2010,96588.57868727273
Chenango,NY,2010,90126.04489363637
Cortland,NY,2010,109845.48240909091
Delaware,NY,2010,126057.3807363636
Wyoming,NY,2010,99974.53943272727
Orleans,NY,2010,89849.67851454545
Talbot,MD,2010,325205.6643727272
Essex,NY,2010,134956.74421818185
Seneca,NY,2010,102243.57918181819
Caroline,MD,2010,167142.5116
Dorchester,MD,2010,136432.57212727272
Schoharie,NY,2010,122190.66378181819
Garrett,MD,2010,195155.41408181816
Lewis,NY,2010,101061.70537272729
Somerset,MD,2010,117237.72384545454
Yates,NY,2010,144916.18645454544
Kent,MD,2010,210911.07604545457
Schuyler,NY,2010,119557.9379090909
Hamilton,NY,2010,145789.2364545455
Kings,NY,2011,428517.63183636364
Queens,NY,2011,421170.9851818182
New York,NY,2011,927449.3516181819
Suffolk,NY,2011,367516.5782363636
Bronx,NY,2011,340894.93331818184
Nassau,NY,2011,422351.6422818182
Montgomery,MD,2011,249110.29846818183
Westchester,NY,2011,495770.05819090904
Prince Georges,MD,2011,198099.91027272725
Erie,NY,2011,122665.32461818185
Baltimore,MD,2011,218620.70560909092
Monroe,NY,2011,124486.06604545456
Baltimore City,MD,2011,87462.65649727274
Anne Arundel,MD,2011,301792.84530909086
Richmond,NY,2011,384695.65000909084
Onondaga,NY,2011,120861.81154545456
Orange,NY,2011,227593.82187272728
Rockland,NY,2011,378335.90247272723
Howard,MD,2011,387786.33719090914
Albany,NY,2011,198838.46555454546
Dutchess,NY,2011,244187.49845454545
Frederick,MD,2011,266255.1243727273
Harford,MD,2011,256845.9764363637
Saratoga,NY,2011,229349.7165
Oneida,NY,2011,107872.32157272728
Niagara,NY,2011,99738.68006818181
Broome,NY,2011,100335.45319545455
Ulster,NY,2011,202867.47286363636
Carroll,MD,2011,270227.6387545455
Charles,MD,2011,250933.0549
Rensselaer,NY,2011,171995.82924545454
Schenectady,NY,2011,159184.11121818182
Washington,MD,2011,146552.6546136364
Chautauqua,NY,2011,80085.62202636365
Oswego,NY,2011,94047.7806
Jefferson,NY,2011,125032.91695454545
Saint Marys,MD,2011,274683.3502181818
Ontario,NY,2011,145928.68873636363
Saint Lawrence,NY,2011,73498.9847718182
Tompkins,NY,2011,169553.70760909092
Cecil,MD,2011,220828.20924545452
Wicomico,MD,2011,160269.96056363636
Putnam,NY,2011,321035.5862727273
Steuben,NY,2011,91087.06673363637
Calvert,MD,2011,302013.5122181818
Wayne,NY,2011,110142.51376363635
Chemung,NY,2011,89738.4202481818
Clinton,NY,2011,118419.3844909091
Sullivan,NY,2011,134242.12120000002
Cattaraugus,NY,2011,79946.76401
Cayuga,NY,2011,107160.12162727272
Allegany,MD,2011,56880.650505
Madison,NY,2011,118978.95968181817
Warren,NY,2011,181587.12742727273
Livingston,NY,2011,114324.52471818183
Columbia,NY,2011,198748.3980090909
Herkimer,NY,2011,93780.33762
Otsego,NY,2011,119979.98430909091
Genesee,NY,2011,101920.87815454545
Fulton,NY,2011,106043.05012727273
Worcester,MD,2011,217687.1490272727
Queen Annes,MD,2011,303107.1224363636
Tioga,NY,2011,108894.56487272726
Greene,NY,2011,158198.31542727273
Franklin,NY,2011,95683.62967363634
Chenango,NY,2011,89383.39823818182
Cortland,NY,2011,107904.46524545456
Delaware,NY,2011,125145.84830909093
Wyoming,NY,2011,97959.94008818181
Orleans,NY,2011,87379.11346000001
Talbot,MD,2011,311117.56599090906
Essex,NY,2011,136100.33299090908
Seneca,NY,2011,100027.22419272727
Caroline,MD,2011,161213.15335454547
Dorchester,MD,2011,131510.83179090908
Schoharie,NY,2011,121204.60475454548
Garrett,MD,2011,188938.43003636366
Lewis,NY,2011,100667.33293636363
Somerset,MD,2011,113624.7918818182
Yates,NY,2011,142061.72008181817
Kent,MD,2011,205054.55431818182
Schuyler,NY,2011,118976.04114545454
Hamilton,NY,2011,145818.91107272726
Kings,NY,2012,438984.29999166663
Queens,NY,2012,425545.13959999994
New York,NY,2012,957392.6573166669
Suffolk,NY,2012,353689.21552500007
Bronx,NY,2012,341956.0374583333
Nassau,NY,2012,416364.63625
Montgomery,MD,2012,246098.59784541672
Westchester,NY,2012,479048.3807916667
Prince Georges,MD,2012,193503.00521666664
Erie,NY,2012,122126.63001666668
Baltimore,MD,2012,213155.05860000002
Monroe,NY,2012,122885.65486666666
Baltimore City,MD,2012,83414.77095
Anne Arundel,MD,2012,301428.92929166666
Richmond,NY,2012,376656.5097333333
Onondaga,NY,2012,119497.05748333334
Orange,NY,2012,212768.90400833334
Rockland,NY,2012,362776.41709166666
Howard,MD,2012,387896.2600166667
Albany,NY,2012,194826.37583333332
Dutchess,NY,2012,233174.6124416667
Frederick,MD,2012,266420.5608333333
Harford,MD,2012,251385.52587500002
Saratoga,NY,2012,232546.94800833333
Oneida,NY,2012,105949.65927500003
Niagara,NY,2012,101039.71338333334
Broome,NY,2012,99505.42988916665
Ulster,NY,2012,189625.31933333332
Carroll,MD,2012,274512.9047583334
Charles,MD,2012,247795.33600833334
Rensselaer,NY,2012,168280.11959166665
Schenectady,NY,2012,155410.81245833336
Washington,MD,2012,149524.00993333335
Chautauqua,NY,2012,80917.00336583331
Oswego,NY,2012,95182.34876416666
Jefferson,NY,2012,135563.765425
Saint Marys,MD,2012,266670.3355916667
Ontario,NY,2012,145173.67843333332
Saint Lawrence,NY,2012,77197.72043666667
Tompkins,NY,2012,171502.3936
Cecil,MD,2012,208105.0510666667
Wicomico,MD,2012,142204.63970000003
Putnam,NY,2012,292887.78557500005
Steuben,NY,2012,91766.15152083333
Calvert,MD,2012,294936.98301666667
Wayne,NY,2012,107285.94142500001
Chemung,NY,2012,92753.79409333332
Clinton,NY,2012,117255.15135833334
Sullivan,NY,2012,131463.15613333334
Cattaraugus,NY,2012,78515.58682416666
Cayuga,NY,2012,108630.4003
Allegany,MD,2012,80125.10787833335
Madison,NY,2012,117857.06200833333
Warren,NY,2012,181649.75943333333
Livingston,NY,2012,112979.71010833333
Columbia,NY,2012,202084.87669166666
Herkimer,NY,2012,93394.89239333333
Otsego,NY,2012,121263.7126333333
Genesee,NY,2012,101278.79760833333
Fulton,NY,2012,106980.25105833332
Worcester,MD,2012,222763.903625
Queen Annes,MD,2012,291498.9035583333
Tioga,NY,2012,108482.27243333333
Greene,NY,2012,160198.521925
Franklin,NY,2012,96427.92636083334
Chenango,NY,2012,89342.15172416666
Cortland,NY,2012,107595.82060833334
Delaware,NY,2012,127494.00147500001
Wyoming,NY,2012,97754.772025
Orleans,NY,2012,86271.82018416666
Talbot,MD,2012,284673.5581333333
Essex,NY,2012,137266.06668333334
Seneca,NY,2012,99380.83472583334
Caroline,MD,2012,160749.2538583333
Dorchester,MD,2012,131466.6670916667
Schoharie,NY,2012,122304.73512499999
Garrett,MD,2012,189746.75721666668
Lewis,NY,2012,103311.35524999998
Somerset,MD,2012,112786.41619166666
Yates,NY,2012,142190.60379999998
Kent,MD,2012,206791.27878333334
Schuyler,NY,2012,119415.92090833333
Hamilton,NY,2012,148290.18649999998
Kings,NY,2013,470265.71277272725
Queens,NY,2013,444674.63723636366
New York,NY,2013,1025483.4860272725
Suffolk,NY,2013,355715.3631545455
Bronx,NY,2013,353734.2835272727
Nassau,NY,2013,428338.4089272728
Montgomery,MD,2013,255557.29520500003
Westchester,NY,2013,486641.8726818182
Prince Georges,MD,2013,212622.5295454545
Erie,NY,2013,126367.66974545455
Baltimore,MD,2013,219725.08595454544
Monroe,NY,2013,124959.85517272727
Baltimore City,MD,2013,93679.74257727273
Anne Arundel,MD,2013,318324.3279636364
Richmond,NY,2013,384730.02183636354
Onondaga,NY,2013,120702.76785454544
Orange,NY,2013,211376.15687272727
Rockland,NY,2013,369745.2736
Howard,MD,2013,408825.62146363634
Albany,NY,2013,198269.30579090907
Dutchess,NY,2013,233962.67042727274
Frederick,MD,2013,285110.0468090909
Harford,MD,2013,255361.90719090914
Saratoga,NY,2013,238716.58446363636
Oneida,NY,2013,106044.37690000002
Niagara,NY,2013,102589.1281
Broome,NY,2013,100233.24212636365
Ulster,NY,2013,185837.29018181816
Carroll,MD,2013,290671.6405545455
Charles,MD,2013,257663.0633909091
Rensselaer,NY,2013,169238.75194545457
Schenectady,NY,2013,156144.70553636362
Washington,MD,2013,154836.44352272726
Chautauqua,NY,2013,82141.2505009091
Oswego,NY,2013,97323.46848909091
Jefferson,NY,2013,139760.9362909091
Saint Marys,MD,2013,276277.46846363635
Ontario,NY,2013,147945.59344545452
Saint Lawrence,NY,2013,80987.88710181817
Tompkins,NY,2013,180028.00350909095
Cecil,MD,2013,206409.9478272727
Wicomico,MD,2013,142515.3671909091
Putnam,NY,2013,291354.98441818176
Steuben,NY,2013,95500.76497454545
Calvert,MD,2013,309735.66832727275
Wayne,NY,2013,108497.6488
Chemung,NY,2013,95698.35267272727
Clinton,NY,2013,118545.16291818181
Sullivan,NY,2013,130017.73077272727
Cattaraugus,NY,2013,77828.60443727275
Cayuga,NY,2013,112349.94574545455
Allegany,MD,2013,79816.28744
Madison,NY,2013,119645.22871818184
Warren,NY,2013,187300.6540181818
Livingston,NY,2013,115066.6299181818
Columbia,NY,2013,205384.74864545456
Herkimer,NY,2013,94675.88729454543
Otsego,NY,2013,121287.41116363638
Genesee,NY,2013,102697.14558181817
Fulton,NY,2013,107295.90304545454
Worcester,MD,2013,230254.98175454547
Queen Annes,MD,2013,299601.8820636363
Tioga,NY,2013,111016.19459999999
Greene,NY,2013,161816.36295454545
Franklin,NY,2013,96868.73733636363
Chenango,NY,2013,89905.39347454545
Cortland,NY,2013,108027.78923636363
Delaware,NY,2013,128102.43901818182
Wyoming,NY,2013,98418.71619181818
Orleans,NY,2013,85997.93539727273
Talbot,MD,2013,289342.9032181818
Essex,NY,2013,136641.38397272726
Seneca,NY,2013,102934.6305909091
Caroline,MD,2013,166533.14654545454
Dorchester,MD,2013,132575.46648181818
Schoharie,NY,2013,122645.90147272726
Garrett,MD,2013,188881.27265454546
Lewis,NY,2013,107039.49302727272
Somerset,MD,2013,110415.16198181818
Yates,NY,2013,146573.80513636363
Kent,MD,2013,209776.0125909091
Schuyler,NY,2013,121589.6799181818
Hamilton,NY,2013,150752.0589181818
Kings,NY,2014,521088.98426363635
Queens,NY,2014,476847.7848818181
New York,NY,2014,1169295.1718181819
Suffolk,NY,2014,366555.70742727275
Bronx,NY,2014,370459.85770000005
Nassau,NY,2014,451478.35628181824
Montgomery,MD,2014,264586.1032618181
Westchester,NY,2014,517350.55129090906
Prince Georges,MD,2014,237462.29419090916
Erie,NY,2014,131101.72587272726
Baltimore,MD,2014,227309.78365454546
Monroe,NY,2014,127264.96814545455
Baltimore City,MD,2014,101285.48498636363
Anne Arundel,MD,2014,329998.3169272727
Richmond,NY,2014,399569.540509091
Onondaga,NY,2014,122305.51004545455
Orange,NY,2014,213110.1798727273
Rockland,NY,2014,375607.1116
Howard,MD,2014,426906.1528363637
Albany,NY,2014,200128.57090909092
Dutchess,NY,2014,239464.25228181816
Frederick,MD,2014,301088.68570909085
Harford,MD,2014,262317.99029090913
Saratoga,NY,2014,243739.49127272732
Oneida,NY,2014,106067.14375454545
Niagara,NY,2014,106384.01504545454
Broome,NY,2014,99815.49714636365
Ulster,NY,2014,189414.56524545455
Carroll,MD,2014,303761.2509454545
Charles,MD,2014,270835.2574272727
Rensselaer,NY,2014,170160.46973636362
Schenectady,NY,2014,156218.7614818182
Washington,MD,2014,158728.17462727276
Chautauqua,NY,2014,82779.65649636363
Oswego,NY,2014,98895.4291590909
Jefferson,NY,2014,138649.9405181818
Saint Marys,MD,2014,281813.85515454545
Ontario,NY,2014,151931.7274818182
Saint Lawrence,NY,2014,82714.42793636363
Tompkins,NY,2014,187236.78566363637
Cecil,MD,2014,213332.01543636367
Wicomico,MD,2014,147411.4587181818
Putnam,NY,2014,296814.58342727274
Steuben,NY,2014,97286.80108818183
Calvert,MD,2014,316283.4710272727
Wayne,NY,2014,110743.7737
Chemung,NY,2014,95194.81734818182
Clinton,NY,2014,121200.01794545456
Sullivan,NY,2014,132625.44046363636
Cattaraugus,NY,2014,79254.41333636364
Cayuga,NY,2014,114820.90411818182
Allegany,MD,2014,80618.30115500001
Madison,NY,2014,123068.06799090908
Warren,NY,2014,189851.76020909092
Livingston,NY,2014,117466.53766363635
Columbia,NY,2014,211810.24348181815
Herkimer,NY,2014,94061.39976545455
Otsego,NY,2014,121281.0890181818
Genesee,NY,2014,104916.70019999999
Fulton,NY,2014,105955.20849090909
Worcester,MD,2014,235357.18360000002
Queen Annes,MD,2014,313466.61613636365
Tioga,NY,2014,113276.6721909091
Greene,NY,2014,165990.44771818185
Franklin,NY,2014,96332.42642727272
Chenango,NY,2014,89623.23946727272
Cortland,NY,2014,108903.70133636365
Delaware,NY,2014,127671.40640909094
Wyoming,NY,2014,99382.81255454545
Orleans,NY,2014,87161.87097818182
Talbot,MD,2014,296859.9790636364
Essex,NY,2014,137410.36419090908
Seneca,NY,2014,105120.45905454546
Caroline,MD,2014,172986.7359
Dorchester,MD,2014,140382.6016818182
Schoharie,NY,2014,122701.86522727273
Garrett,MD,2014,191395.50633636367
Lewis,NY,2014,108839.16720909091
Somerset,MD,2014,110345.63946363634
Yates,NY,2014,150369.0634909091
Kent,MD,2014,211318.37079090907
Schuyler,NY,2014,124286.96310000001
Hamilton,NY,2014,150787.30576363637
Kings,NY,2015,572673.0717272727
Queens,NY,2015,506597.1129454546
New York,NY,2015,1253855.6507272727
Suffolk,NY,2015,376736.1649909091
Bronx,NY,2015,390276.87107272726
Nassau,NY,2015,467310.2742818182
Montgomery,MD,2015,267971.5782454545
Westchester,NY,2015,532144.7991727273
Prince Georges,MD,2015,255250.48123636367
Erie,NY,2015,135800.39661818184
Baltimore,MD,2015,230679.0078909091
Monroe,NY,2015,129931.9345909091
Baltimore City,MD,2015,102068.95653545455
Anne Arundel,MD,2015,333676.3281818182
Richmond,NY,2015,420677.49677272735
Onondaga,NY,2015,124992.78823636365
Orange,NY,2015,215840.27329999997
Rockland,NY,2015,382016.2972727273
Howard,MD,2015,428227.1997181818
Albany,NY,2015,201633.75035454545
Dutchess,NY,2015,240272.88002727274
Frederick,MD,2015,308365.1250636364
Harford,MD,2015,264399.89759999997
Saratoga,NY,2015,249995.08462727268
Oneida,NY,2015,108912.21960000001
Niagara,NY,2015,108827.5974909091
Broome,NY,2015,99006.31576
Ulster,NY,2015,192162.9857
Carroll,MD,2015,308328.3712363636
Charles,MD,2015,278056.2267545454
Rensselaer,NY,2015,172491.36150909093
Schenectady,NY,2015,156548.27377272726
Washington,MD,2015,162742.33499545453
Chautauqua,NY,2015,83688.93277545455
Oswego,NY,2015,100622.45744545454
Jefferson,NY,2015,137285.48634545453
Saint Marys,MD,2015,281333.1024636364
Ontario,NY,2015,155610.4963
Saint Lawrence,NY,2015,81938.94471909093
Tompkins,NY,2015,196669.4258363636
Cecil,MD,2015,217353.35800909094
Wicomico,MD,2015,149822.9223090909
Putnam,NY,2015,300025.1055454546
Steuben,NY,2015,96543.41408545454
Calvert,MD,2015,319405.6543545454
Wayne,NY,2015,113316.2824
Chemung,NY,2015,93844.72713181817
Clinton,NY,2015,122619.64932727274
Sullivan,NY,2015,133700.62834545455
Cattaraugus,NY,2015,78681.48007636364
Cayuga,NY,2015,117226.5336909091
Allegany,MD,2015,80747.1142709091
Madison,NY,2015,123494.25610909093
Warren,NY,2015,192646.1791909091
Livingston,NY,2015,120388.33290909092
Columbia,NY,2015,217278.5264818182
Herkimer,NY,2015,94696.03838
Otsego,NY,2015,122188.53080909092
Genesee,NY,2015,107328.16962727271
Fulton,NY,2015,106721.2593909091
Worcester,MD,2015,237296.7274272727
Queen Annes,MD,2015,314462.5402818182
Tioga,NY,2015,113379.81409999999
Greene,NY,2015,166942.57391818182
Franklin,NY,2015,99515.74543363637
Chenango,NY,2015,89436.54063
Cortland,NY,2015,110431.65722727272
Delaware,NY,2015,128920.7757818182
Wyoming,NY,2015,101455.70063454546
Orleans,NY,2015,89080.22633181818
Talbot,MD,2015,303213.88785454544
Essex,NY,2015,139481.34376363637
Seneca,NY,2015,106260.7361181818
Caroline,MD,2015,174191.45321818182
Dorchester,MD,2015,144813.6213818182
Schoharie,NY,2015,123474.1805
Garrett,MD,2015,195397.9728272727
Lewis,NY,2015,112780.82984545454
Somerset,MD,2015,113082.58020000001
Yates,NY,2015,154670.93106363638
Kent,MD,2015,213909.67275454543
Schuyler,NY,2015,127355.93196363637
Hamilton,NY,2015,151369.32727272727
Kings,NY,2016,624306.0154083334
Queens,NY,2016,547998.9724166667
New York,NY,2016,1313910.372666667
Suffolk,NY,2016,388066.66583333333
Bronx,NY,2016,424102.0685916667
Nassau,NY,2016,489712.6582
Montgomery,MD,2016,272290.0283279167
Westchester,NY,2016,547807.1366916668
Prince Georges,MD,2016,273288.32755833335
Erie,NY,2016,142308.7655
Baltimore,MD,2016,235813.610425
Monroe,NY,2016,139424.58253333333
Baltimore City,MD,2016,104723.955725
Anne Arundel,MD,2016,339226.655625
Richmond,NY,2016,452836.63611666666
Onondaga,NY,2016,128362.15909166668
Orange,NY,2016,221233.12483333334
Rockland,NY,2016,399110.9126916667
Howard,MD,2016,432457.24830833334
Albany,NY,2016,206540.9629083333
Dutchess,NY,2016,246453.88342499998
Frederick,MD,2016,314881.2009333333
Harford,MD,2016,270068.47026666667
Saratoga,NY,2016,259752.97712499995
Oneida,NY,2016,112050.14289166668
Niagara,NY,2016,113815.714875
Broome,NY,2016,99962.25274583332
Ulster,NY,2016,196404.98760833332
Carroll,MD,2016,314273.87051666674
Charles,MD,2016,288045.921425
Rensselaer,NY,2016,175381.66194166665
Schenectady,NY,2016,159499.451775
Washington,MD,2016,166355.87987916663
Chautauqua,NY,2016,86970.5462625
Oswego,NY,2016,104728.8264
Jefferson,NY,2016,136163.91495
Saint Marys,MD,2016,280288.98252500006
Ontario,NY,2016,161132.43273333335
Saint Lawrence,NY,2016,84095.13476916666
Tompkins,NY,2016,202934.57634166666
Cecil,MD,2016,219179.390275
Wicomico,MD,2016,150558.476575
Putnam,NY,2016,308682.40709166665
Steuben,NY,2016,97487.60027833334
Calvert,MD,2016,324919.8812916667
Wayne,NY,2016,116878.69184166669
Chemung,NY,2016,94905.52503
Clinton,NY,2016,124739.11440833333
Sullivan,NY,2016,137423.02185833332
Cattaraugus,NY,2016,80517.51664916666
Cayuga,NY,2016,118776.159575
Allegany,MD,2016,81970.15982624999
Madison,NY,2016,125449.62190833334
Warren,NY,2016,197441.93614166664
Livingston,NY,2016,126025.32541666669
Columbia,NY,2016,221937.54750000002
Herkimer,NY,2016,96750.32603833334
Otsego,NY,2016,125155.05214166666
Genesee,NY,2016,110938.99691666667
Fulton,NY,2016,111927.64131666669
Worcester,MD,2016,238156.08411666667
Queen Annes,MD,2016,317808.25848333334
Tioga,NY,2016,113528.08931666666
Greene,NY,2016,173377.28348333333
Franklin,NY,2016,100947.754075
Chenango,NY,2016,89403.03049166668
Cortland,NY,2016,115525.11245833333
Delaware,NY,2016,130143.70963333333
Wyoming,NY,2016,104706.02914166666
Orleans,NY,2016,92996.69771250001
Talbot,MD,2016,308826.0608833334
Essex,NY,2016,142728.58523333332
Seneca,NY,2016,109110.58862499999
Caroline,MD,2016,180698.45570833332
Dorchester,MD,2016,148414.985875
Schoharie,NY,2016,126300.94505
Garrett,MD,2016,198293.85251666667
Lewis,NY,2016,114874.68028333333
Somerset,MD,2016,111684.93129166668
Yates,NY,2016,163853.41886666665
Kent,MD,2016,213132.3291666667
Schuyler,NY,2016,131492.69475833332
Hamilton,NY,2016,154741.03315833333
Kings,NY,2017,673602.3078636363
Queens,NY,2017,593629.8217000001
New York,NY,2017,1329034.2942727273
Suffolk,NY,2017,405264.6137818182
Bronx,NY,2017,456928.50125454547
Nassau,NY,2017,519159.6387636364
Montgomery,MD,2017,280494.0700227273
Westchester,NY,2017,566474.9014999998
Prince Georges,MD,2017,291087.14643636363
Erie,NY,2017,151081.17976363635
Baltimore,MD,2017,242758.26115454547
Monroe,NY,2017,146619.9386090909
Baltimore City,MD,2017,110466.9563
Anne Arundel,MD,2017,350523.24151818175
Richmond,NY,2017,506370.0870454545
Onondaga,NY,2017,132059.66342727272
Orange,NY,2017,233716.3780272727
Rockland,NY,2017,421291.91688181815
Howard,MD,2017,442950.5160545455
Albany,NY,2017,213782.95903636364
Dutchess,NY,2017,258575.35357272727
Frederick,MD,2017,323899.56729090906
Harford,MD,2017,275946.01724545454
Saratoga,NY,2017,266913.5904636364
Oneida,NY,2017,117121.89898181817
Niagara,NY,2017,122212.09645454543
Broome,NY,2017,100614.16587181819
Ulster,NY,2017,205727.10206363632
Carroll,MD,2017,323016.6761181818
Charles,MD,2017,300887.4709909091
Rensselaer,NY,2017,180517.3445454545
Schenectady,NY,2017,164501.8428
Washington,MD,2017,170691.86016818185
Chautauqua,NY,2017,89481.20227636363
Oswego,NY,2017,105552.98318181817
Jefferson,NY,2017,135003.25234545453
Saint Marys,MD,2017,288173.0201181818
Ontario,NY,2017,165813.0178909091
Saint Lawrence,NY,2017,84847.41244363636
Tompkins,NY,2017,212692.19005454544
Cecil,MD,2017,226445.28757272728
Wicomico,MD,2017,155522.98090000002
Putnam,NY,2017,324864.84719999996
Steuben,NY,2017,100022.60260272726
Calvert,MD,2017,334650.6226181818
Wayne,NY,2017,121584.88470909091
Chemung,NY,2017,95831.82800636362
Clinton,NY,2017,129893.31620909089
Sullivan,NY,2017,141578.40927272727
Cattaraugus,NY,2017,82820.80389454543
Cayuga,NY,2017,122615.08979090909
Allegany,MD,2017,83442.96767863637
Madison,NY,2017,129879.2561363636
Warren,NY,2017,203710.8216909091
Livingston,NY,2017,129979.20353636361
Columbia,NY,2017,229273.0139727273
Herkimer,NY,2017,100196.23307454545
Otsego,NY,2017,128849.04512727274
Genesee,NY,2017,116043.9298
Fulton,NY,2017,119678.05597272725
Worcester,MD,2017,245309.5077090909
Queen Annes,MD,2017,329076.8395
Tioga,NY,2017,113793.20746363638
Greene,NY,2017,177117.3817818182
Franklin,NY,2017,103948.17659999999
Chenango,NY,2017,91335.17446363636
Cortland,NY,2017,118571.87739999998
Delaware,NY,2017,132325.7477818182
Wyoming,NY,2017,108518.7026181818
Orleans,NY,2017,98540.29766272726
Talbot,MD,2017,315804.1506181818
Essex,NY,2017,145931.9617909091
Seneca,NY,2017,115025.05683636363
Caroline,MD,2017,187683.34303636363
Dorchester,MD,2017,151945.6617909091
Schoharie,NY,2017,130418.06014545454
Garrett,MD,2017,200203.22127272727
Lewis,NY,2017,116497.43624545456
Somerset,MD,2017,113829.19934545456
Yates,NY,2017,173301.2692727273
Kent,MD,2017,215394.39690909086
Schuyler,NY,2017,137553.77447272727
Hamilton,NY,2017,156969.55034545454
Kings,NY,2018,729750.0606
Queens,NY,2018,637845.2861818182
New York,NY,2018,1375318.6415454545
Suffolk,NY,2018,413990.3700181818
Bronx,NY,2018,488855.5844090909
Nassau,NY,2018,549097.1364727273
Montgomery,MD,2018,290090.6951136363
Westchester,NY,2018,583394.1412272728
Prince Georges,MD,2018,304811.0847909091
Erie,NY,2018,162257.01074545455
Baltimore,MD,2018,250170.63168181817
Monroe,NY,2018,145954.16330000001
Baltimore City,MD,2018,120418.32821818184
Anne Arundel,MD,2018,360232.1644090908
Richmond,NY,2018,553756.9238818183
Onondaga,NY,2018,138142.92254545452
Orange,NY,2018,249506.7002363637
Rockland,NY,2018,445139.16937272734
Howard,MD,2018,451119.6767636364
Albany,NY,2018,224021.17274545456
Dutchess,NY,2018,270351.52015454543
Frederick,MD,2018,334423.01350909093
Harford,MD,2018,284212.32954545453
Saratoga,NY,2018,276566.0035636364
Oneida,NY,2018,125869.5208
Niagara,NY,2018,132069.88850909093
Broome,NY,2018,105940.29927272728
Ulster,NY,2018,219441.13569090908
Carroll,MD,2018,333454.01479090913
Charles,MD,2018,314962.66360909096
Rensselaer,NY,2018,189511.52372727275
Schenectady,NY,2018,172392.96610000002
Washington,MD,2018,177012.0081636364
Chautauqua,NY,2018,92427.2117909091
Oswego,NY,2018,110052.52542727273
Jefferson,NY,2018,138999.05686363636
Saint Marys,MD,2018,295587.03216363635
Ontario,NY,2018,172579.28651818182
Saint Lawrence,NY,2018,86896.8383990909
Tompkins,NY,2018,219003.33358181818
Cecil,MD,2018,235271.75836363633
Wicomico,MD,2018,163300.44009090908
Putnam,NY,2018,342237.6611636364
Steuben,NY,2018,105360.4954090909
Calvert,MD,2018,342510.9898818182
Wayne,NY,2018,127476.45281818183
Chemung,NY,2018,100457.25076727275
Clinton,NY,2018,134716.4847818182
Sullivan,NY,2018,148240.66035454546
Cattaraugus,NY,2018,85527.82796272729
Cayuga,NY,2018,127733.31806363635
Allegany,MD,2018,86477.50165454544
Madison,NY,2018,137810.24733636362
Warren,NY,2018,210125.02610909092
Livingston,NY,2018,132717.62313636363
Columbia,NY,2018,239921.4828727273
Herkimer,NY,2018,105907.04223636365
Otsego,NY,2018,132795.47137272725
Genesee,NY,2018,121319.59508181819
Fulton,NY,2018,122770.84046363636
Worcester,MD,2018,256177.9156363637
Queen Annes,MD,2018,341455.79385454545
Tioga,NY,2018,118493.18552727274
Greene,NY,2018,188629.44827272728
Franklin,NY,2018,109098.13860909092
Chenango,NY,2018,95572.48768818182
Cortland,NY,2018,123402.11781818181
Delaware,NY,2018,138437.45794545452
Wyoming,NY,2018,115190.6175090909
Orleans,NY,2018,103405.65368181818
Talbot,MD,2018,324597.66869090905
Essex,NY,2018,149372.87838181818
Seneca,NY,2018,119859.44690909091
Caroline,MD,2018,198446.5041909091
Dorchester,MD,2018,164315.25202727274
Schoharie,NY,2018,134906.79188181815
Garrett,MD,2018,206339.28949090905
Lewis,NY,2018,121647.28466363634
Somerset,MD,2018,117932.69872727273
Yates,NY,2018,178359.87960000001
Kent,MD,2018,227364.81964545455
Schuyler,NY,2018,145429.7521181818
Hamilton,NY,2018,163322.9865727273
Kings,NY,2019,762497.2085454544
Queens,NY,2019,659658.1243272729
New York,NY,2019,1312813.226090909
Suffolk,NY,2019,449884.0014272727
Bronx,NY,2019,517786.6806181818
Nassau,NY,2019,567634.4244545456
Montgomery,MD,2019,300010.32326363627
Westchester,NY,2019,586166.7299181818
Prince Georges,MD,2019,317917.7143090909
Erie,NY,2019,170182.3262818182
Baltimore,MD,2019,258543.04069999998
Monroe,NY,2019,153524.3126
Baltimore City,MD,2019,130622.81035454547
Anne Arundel,MD,2019,368080.2415272728
Richmond,NY,2019,580711.2793999999
Onondaga,NY,2019,144153.86609090908
Orange,NY,2019,263683.43693636364
Rockland,NY,2019,460382.0100454546
Howard,MD,2019,460961.76882727275
Albany,NY,2019,231793.32226363636
Dutchess,NY,2019,284187.7925363637
Frederick,MD,2019,346113.2296818182
Harford,MD,2019,292909.6964272727
Saratoga,NY,2019,281931.0515818182
Oneida,NY,2019,131140.89031818183
Niagara,NY,2019,139558.85687272728
Broome,NY,2019,110605.24029090909
Ulster,NY,2019,229167.6528090909
Carroll,MD,2019,343817.2113272727
Charles,MD,2019,326789.0792454546
Rensselaer,NY,2019,196159.58617272723
Schenectady,NY,2019,179902.24456363637
Washington,MD,2019,185410.94460909095
Chautauqua,NY,2019,97084.96943090908
Oswego,NY,2019,115424.24233636363
Jefferson,NY,2019,142744.37951818184
Saint Marys,MD,2019,305119.3978818182
Ontario,NY,2019,179495.14696363636
Saint Lawrence,NY,2019,90646.25349090909
Tompkins,NY,2019,220077.86779090905
Cecil,MD,2019,247746.38080909092
Wicomico,MD,2019,171489.80187272726
Putnam,NY,2019,353172.4374909091
Steuben,NY,2019,109511.3304909091
Calvert,MD,2019,353526.4166181818
Wayne,NY,2019,134135.29653636363
Chemung,NY,2019,103625.1735909091
Clinton,NY,2019,142372.86855454545
Sullivan,NY,2019,155362.4765
Cattaraugus,NY,2019,89063.69849909091
Cayuga,NY,2019,130967.20186363635
Allegany,MD,2019,90451.79341636364
Madison,NY,2019,143065.81519090908
Warren,NY,2019,214868.79568181818
Livingston,NY,2019,137816.0939818182
Columbia,NY,2019,245646.46550000002
Herkimer,NY,2019,112379.30042727274
Otsego,NY,2019,137859.83697272724
Genesee,NY,2019,126693.38573636365
Fulton,NY,2019,126538.56454545452
Worcester,MD,2019,266267.7128090909
Queen Annes,MD,2019,352784.80574545456
Tioga,NY,2019,125179.3659090909
Greene,NY,2019,193587.6096
Franklin,NY,2019,112589.22987272726
Chenango,NY,2019,99898.2331881818
Cortland,NY,2019,126632.51764545454
Delaware,NY,2019,141785.9919181818
Wyoming,NY,2019,121403.94169090908
Orleans,NY,2019,108289.36164545454
Talbot,MD,2019,331792.40311818174
Essex,NY,2019,153026.65783636362
Seneca,NY,2019,123395.99729090907
Caroline,MD,2019,211587.19441818178
Dorchester,MD,2019,172828.55224545454
Schoharie,NY,2019,139788.87471818182
Garrett,MD,2019,213737.24732727275
Lewis,NY,2019,124457.6589090909
Somerset,MD,2019,123953.05629090908
Yates,NY,2019,183079.49740909092
Kent,MD,2019,235809.21684545456
Schuyler,NY,2019,148604.98396363636
Hamilton,NY,2019,168289.42431818185
Kings,NY,2020,770170.1079000001
Queens,NY,2020,673500.5289166667
New York,NY,2020,1264635.4243333333
Suffolk,NY,2020,470150.43481666665
Bronx,NY,2020,514119.0299166667
Nassau,NY,2020,588910.4564333333
Montgomery,MD,2020,313427.5529708334
Westchester,NY,2020,595090.6833166666
Prince Georges,MD,2020,337703.144125
Erie,NY,2020,180976.69954166666
Baltimore,MD,2020,268651.5169
Monroe,NY,2020,164601.64093333334
Baltimore City,MD,2020,136965.49465833334
Anne Arundel,MD,2020,382804.77135
Richmond,NY,2020,583734.7451583333
Onondaga,NY,2020,153947.86837500005
Orange,NY,2020,279208.608725
Rockland,NY,2020,472021.7098916667
Howard,MD,2020,474965.36900833336
Albany,NY,2020,239919.84781666662
Dutchess,NY,2020,302977.2829416666
Frederick,MD,2020,359513.57587500004
Harford,MD,2020,306639.54823333333
Saratoga,NY,2020,291085.81245
Oneida,NY,2020,140883.91553333332
Niagara,NY,2020,150463.60889166666
Broome,NY,2020,115475.39998333332
Ulster,NY,2020,247195.31349999996
Carroll,MD,2020,358308.9093
Charles,MD,2020,342172.1395166666
Rensselaer,NY,2020,205940.02445833336
Schenectady,NY,2020,189846.76055833334
Washington,MD,2020,195493.19472916672
Chautauqua,NY,2020,105636.12396666665
Oswego,NY,2020,122883.02524166666
Jefferson,NY,2020,148845.64120833334
Saint Marys,MD,2020,321209.47984166665
Ontario,NY,2020,190379.44287499998
Saint Lawrence,NY,2020,94412.26600166668
Tompkins,NY,2020,228942.41395
Cecil,MD,2020,261502.45223333337
Wicomico,MD,2020,181383.1103166667
Putnam,NY,2020,365611.1488833334
Steuben,NY,2020,115854.56032500001
Calvert,MD,2020,368207.5948
Wayne,NY,2020,145081.72498333332
Chemung,NY,2020,108638.674825
Clinton,NY,2020,150545.37508333335
Sullivan,NY,2020,167743.40476666667
Cattaraugus,NY,2020,94259.55659000001
Cayuga,NY,2020,139848.62882500002
Allegany,MD,2020,95442.10552124999
Madison,NY,2020,148826.23220833333
Warren,NY,2020,225112.54133333333
Livingston,NY,2020,147218.5527666667
Columbia,NY,2020,240766.80585
Herkimer,NY,2020,119820.54124166667
Otsego,NY,2020,145068.045475
Genesee,NY,2020,136940.78174166667
Fulton,NY,2020,135986.7224333333
Worcester,MD,2020,278739.30299166666
Queen Annes,MD,2020,365526.81020833337
Tioga,NY,2020,131722.45514166667
Greene,NY,2020,207163.8618083333
Franklin,NY,2020,119061.06268333334
Chenango,NY,2020,106699.50202499998
Cortland,NY,2020,133230.01314999998
Delaware,NY,2020,150946.36806666665
Wyoming,NY,2020,131479.6526
Orleans,NY,2020,116807.08202499997
Talbot,MD,2020,344141.3464166667
Essex,NY,2020,162041.28906666668
Seneca,NY,2020,129836.51830833331
Caroline,MD,2020,225953.39690000002
Dorchester,MD,2020,184522.12471666667
Schoharie,NY,2020,151937.9888833333
Garrett,MD,2020,224799.57183333335
Lewis,NY,2020,130312.21125
Somerset,MD,2020,134327.7509166667
Yates,NY,2020,194635.95070833332
Kent,MD,2020,249186.96586666667
Schuyler,NY,2020,155147.822575
Hamilton,NY,2020,175900.73401666668
Kings,NY,2021,800156.8838454544
Queens,NY,2021,696899.9989181818
New York,NY,2021,1287949.115
Suffolk,NY,2021,527094.3245090909
Bronx,NY,2021,520185.83321818174
Nassau,NY,2021,637918.9713363637
Montgomery,MD,2021,351663.5204636364
Westchester,NY,2021,654093.3163363634
Prince Georges,MD,2021,382379.9848454546
Erie,NY,2021,209193.8899818182
Baltimore,MD,2021,299377.0658272727
Monroe,NY,2021,189235.2875545455
Baltimore City,MD,2021,156790.94568181818
Anne Arundel,MD,2021,426220.38370909094
Richmond,NY,2021,599249.0575909091
Onondaga,NY,2021,175680.24063636363
Orange,NY,2021,327569.0645181818
Rockland,NY,2021,529542.6110363636
Howard,MD,2021,522490.60099090915
Albany,NY,2021,264856.8620181819
Dutchess,NY,2021,359069.3287090909
Frederick,MD,2021,409498.2643
Harford,MD,2021,342124.44271818176
Saratoga,NY,2021,326828.54393636365
Oneida,NY,2021,163373.25172727273
Niagara,NY,2021,175807.2840818182
Broome,NY,2021,130813.28457272728
Ulster,NY,2021,311734.43763636367
Carroll,MD,2021,403685.5138
Charles,MD,2021,392609.3791454546
Rensselaer,NY,2021,233672.97359090913
Schenectady,NY,2021,214512.83999090912
Washington,MD,2021,222693.34486818183
Chautauqua,NY,2021,124960.24800909091
Oswego,NY,2021,140325.16378181818
Jefferson,NY,2021,164582.62167272728
Saint Marys,MD,2021,359804.7185909091
Ontario,NY,2021,217040.19176363637
Saint Lawrence,NY,2021,108556.65174545455
Tompkins,NY,2021,254681.03820000004
Cecil,MD,2021,297822.5903363636
Wicomico,MD,2021,206026.5684727273
Putnam,NY,2021,414498.79224545456
Steuben,NY,2021,129350.26687272727
Calvert,MD,2021,413562.2982818182
Wayne,NY,2021,167621.69167272726
Chemung,NY,2021,121949.77071818183
Clinton,NY,2021,167826.47849090912
Sullivan,NY,2021,215995.7561181818
Cattaraugus,NY,2021,112208.96092727274
Cayuga,NY,2021,161129.1971818182
Allegany,MD,2021,110645.4478240909
Madison,NY,2021,169106.96996363637
Warren,NY,2021,260240.28714545455
Livingston,NY,2021,168147.81978181817
Columbia,NY,2021,331797.75371818175
Herkimer,NY,2021,135605.467
Otsego,NY,2021,162032.61010909092
Genesee,NY,2021,159836.2331090909
Fulton,NY,2021,160495.8107727273
Worcester,MD,2021,336869.1756636364
Queen Annes,MD,2021,417748.66062727274
Tioga,NY,2021,149366.89278181817
Greene,NY,2021,265784.62833636365
Franklin,NY,2021,139708.95013636362
Chenango,NY,2021,122740.15053636365
Cortland,NY,2021,149602.9293727273
Delaware,NY,2021,185548.07634545455
Wyoming,NY,2021,153253.8524909091
Orleans,NY,2021,137411.18099090908
Talbot,MD,2021,399535.6380636364
Essex,NY,2021,193967.4566090909
Seneca,NY,2021,152841.19713636363
Caroline,MD,2021,264980.6259272728
Dorchester,MD,2021,214290.33053636362
Schoharie,NY,2021,175313.7516181818
Garrett,MD,2021,274252.2995
Lewis,NY,2021,148945.84108181816
Somerset,MD,2021,157533.13109090907
Yates,NY,2021,223661.00272727275
Kent,MD,2021,295347.5189545455
Schuyler,NY,2021,181592.9436727273
Hamilton,NY,2021,204964.33906363638
Kings,NY,2022,839892.7880000002
Queens,NY,2022,725545.8750909091
New York,NY,2022,1350763.4912727273
Suffolk,NY,2022,577123.1624272728
Bronx,NY,2022,489735.83310909086
Nassau,NY,2022,683652.3409545454
Montgomery,MD,2022,376277.55375454546
Westchester,NY,2022,705687.2037545455
Prince Georges,MD,2022,404519.1223454546
Erie,NY,2022,233861.8283454545
Baltimore,MD,2022,322122.6145
Monroe,NY,2022,211597.51319090909
Baltimore City,MD,2022,169386.8509727273
Anne Arundel,MD,2022,456564.2601454546
Richmond,NY,2022,647111.3768636364
Onondaga,NY,2022,194172.82933636365
Orange,NY,2022,375202.1658545454
Rockland,NY,2022,594499.7491727272
Howard,MD,2022,565443.8468636363
Albany,NY,2022,288884.38646363636
Dutchess,NY,2022,398576.7781272727
Frederick,MD,2022,449386.4891545454
Harford,MD,2022,368983.8850363636
Saratoga,NY,2022,362291.96378181817
Oneida,NY,2022,181084.93227272728
Niagara,NY,2022,195275.1468636364
Broome,NY,2022,144530.1575
Ulster,NY,2022,355844.32266363635
Carroll,MD,2022,432501.2133818181
Charles,MD,2022,423577.2589181818
Rensselaer,NY,2022,257895.91150909086
Schenectady,NY,2022,236034.61479999998
Washington,MD,2022,244496.24115909095
Chautauqua,NY,2022,143977.59891818181
Oswego,NY,2022,155104.2664636364
Jefferson,NY,2022,181761.32750909092
Saint Marys,MD,2022,383237.5816727272
Ontario,NY,2022,242324.6025
Saint Lawrence,NY,2022,120510.76994545455
Tompkins,NY,2022,287043.32745454554
Cecil,MD,2022,322113.5948181819
Wicomico,MD,2022,228355.35785454547
Putnam,NY,2022,455929.66015454545
Steuben,NY,2022,143855.4163909091
Calvert,MD,2022,439149.27608181816
Wayne,NY,2022,182251.80476363635
Chemung,NY,2022,133133.05636363637
Clinton,NY,2022,186678.75271818184
Sullivan,NY,2022,259631.21095454544
Cattaraugus,NY,2022,131285.21007272726
Cayuga,NY,2022,175582.06000909096
Allegany,MD,2022,121644.71597727276
Madison,NY,2022,187888.78939090914
Warren,NY,2022,293863.6964272728
Livingston,NY,2022,187383.0159
Columbia,NY,2022,386915.29474545456
Herkimer,NY,2022,152415.1914181818
Otsego,NY,2022,178885.1136
Genesee,NY,2022,176629.99014545453
Fulton,NY,2022,176715.71766363634
Worcester,MD,2022,393785.5824727273
Queen Annes,MD,2022,453128.6892727273
Tioga,NY,2022,161920.23978181818
Greene,NY,2022,311546.9493454545
Franklin,NY,2022,157453.10114545454
Chenango,NY,2022,137888.41267272725
Cortland,NY,2022,164501.46166363635
Delaware,NY,2022,213844.49440909087
Wyoming,NY,2022,168853.0112090909
Orleans,NY,2022,151541.86721818184
Talbot,MD,2022,438467.6275545454
Essex,NY,2022,222311.48545454547
Seneca,NY,2022,170755.03364545453
Caroline,MD,2022,287043.13648181816
Dorchester,MD,2022,236736.05526363634
Schoharie,NY,2022,195994.13260909088
Garrett,MD,2022,310842.7528
Lewis,NY,2022,164344.76007272725
Somerset,MD,2022,173892.13296363637
Yates,NY,2022,248514.78190909093
Kent,MD,2022,321066.3901909091
Schuyler,NY,2022,200085.83743636365
Hamilton,NY,2022,236888.55111818181
Kings,NY,2023,814314.5230272728
Queens,NY,2023,689243.9944545454
New York,NY,2023,1154261.8607272727
Suffolk,NY,2023,589243.7415272727
Bronx,NY,2023,435644.67973636364
Nassau,NY,2023,698894.7147727273
Montgomery,MD,2023,381585.3725590909
Westchester,NY,2023,728083.9828909091
Prince Georges,MD,2023,408081.4320090909
Erie,NY,2023,244822.06464545455
Baltimore,MD,2023,329433.04214545456
Monroe,NY,2023,229494.49961818184
Baltimore City,MD,2023,169617.58301818182
Anne Arundel,MD,2023,467565.6099999999
Richmond,NY,2023,652344.1580818183
Onondaga,NY,2023,211790.14872727272
Orange,NY,2023,393025.00531818176
Rockland,NY,2023,627302.1829363637
Howard,MD,2023,581889.1397818181
Albany,NY,2023,303865.9340545455
Dutchess,NY,2023,413771.5719818182
Frederick,MD,2023,463585.5317
Harford,MD,2023,384247.62078181823
Saratoga,NY,2023,379547.4725454545
Oneida,NY,2023,188146.4053090909
Niagara,NY,2023,204976.32790909093
Broome,NY,2023,155263.78986363634
Ulster,NY,2023,372852.4653636364
Carroll,MD,2023,445813.411509091
Charles,MD,2023,427274.79301818175
Rensselaer,NY,2023,267229.39024545456
Schenectady,NY,2023,248885.15009090913
Washington,MD,2023,253827.34796363636
Chautauqua,NY,2023,149674.4542
Oswego,NY,2023,161595.2365090909
Jefferson,NY,2023,188830.2519
Saint Marys,MD,2023,389952.4045727272
Ontario,NY,2023,258919.98071818185
Saint Lawrence,NY,2023,122889.46257272727
Tompkins,NY,2023,301859.39988181816
Cecil,MD,2023,333668.206
Wicomico,MD,2023,240225.31132727274
Putnam,NY,2023,476195.27502727264
Steuben,NY,2023,148291.6519818182
Calvert,MD,2023,445618.7849454545
Wayne,NY,2023,195235.98648181817
Chemung,NY,2023,138890.36822727273
Clinton,NY,2023,193723.65738181816
Sullivan,NY,2023,273293.73110909096
Cattaraugus,NY,2023,135429.28161818182
Cayuga,NY,2023,185080.64855454548
Allegany,MD,2023,122952.45149999997
Madison,NY,2023,198821.48233636364
Warren,NY,2023,311111.188
Livingston,NY,2023,198314.33566363633
Columbia,NY,2023,402973.50390000007
Herkimer,NY,2023,159168.9402909091
Otsego,NY,2023,186783.2421363636
Genesee,NY,2023,182157.2418
Fulton,NY,2023,180982.87738181817
Worcester,MD,2023,412371.7013909091
Queen Annes,MD,2023,466769.3648181818
Tioga,NY,2023,167054.37320909087
Greene,NY,2023,319620.8408272728
Franklin,NY,2023,161622.5185636364
Chenango,NY,2023,139642.36205454546
Cortland,NY,2023,171330.12011818183
Delaware,NY,2023,216662.3629090909
Wyoming,NY,2023,172030.59500909087
Orleans,NY,2023,159338.29299090907
Talbot,MD,2023,449566.4048363635
Essex,NY,2023,243091.85514545452
Seneca,NY,2023,178098.2575090909
Caroline,MD,2023,289677.5786090909
Dorchester,MD,2023,244424.76790000004
Schoharie,NY,2023,205202.52037272725
Garrett,MD,2023,314456.10013636365
Lewis,NY,2023,170335.11925454548
Somerset,MD,2023,179215.76817272726
Yates,NY,2023,257816.27936363636
Kent,MD,2023,328139.2827909091
Schuyler,NY,2023,205615.32489999998
Hamilton,NY,2023,240550.93265454547
Kings,NY,2024,814564.6895999999
Queens,NY,2024,676646.3191
New York,NY,2024,1102537.0635
Suffolk,NY,2024,615020.2762
Bronx,NY,2024,426709.8919
Nassau,NY,2024,724741.1725999999
Montgomery,MD,2024,388882.84770000004
Westchester,NY,2024,751165.7912
Prince Georges,MD,2024,410493.361
Erie,NY,2024,252976.08855
Baltimore,MD,2024,332660.60785000003
Monroe,NY,2024,238830.7664
Baltimore City,MD,2024,174274.69264999998
Anne Arundel,MD,2024,472995.4037
Richmond,NY,2024,654942.3543499999
Onondaga,NY,2024,223923.17969999998
Orange,NY,2024,409122.8201
Rockland,NY,2024,661001.58505
Howard,MD,2024,591964.8060000001
Albany,NY,2024,313966.4417
Dutchess,NY,2024,426224.5692
Frederick,MD,2024,472965.07445
Harford,MD,2024,389092.4615
Saratoga,NY,2024,390091.12795
Oneida,NY,2024,194520.99675
Niagara,NY,2024,210413.2571
Broome,NY,2024,163124.24949999998
Ulster,NY,2024,387288.18114999996
Carroll,MD,2024,451821.05079999997
Charles,MD,2024,430782.9919
Rensselaer,NY,2024,273733.39214999997
Schenectady,NY,2024,256722.28824999998
Washington,MD,2024,259953.049275
Chautauqua,NY,2024,153135.42465
Oswego,NY,2024,168074.2464
Jefferson,NY,2024,194988.60220000002
Saint Marys,MD,2024,391335.3251
Ontario,NY,2024,266875.86975
Saint Lawrence,NY,2024,127220.02840000001
Tompkins,NY,2024,312497.4088
Cecil,MD,2024,342740.59739999997
Wicomico,MD,2024,249496.8397
Putnam,NY,2024,496663.0958
Steuben,NY,2024,149901.96344999998
Calvert,MD,2024,447966.2624
Wayne,NY,2024,202893.52045
Chemung,NY,2024,140979.16335
Clinton,NY,2024,198664.9223
Sullivan,NY,2024,282182.311
Cattaraugus,NY,2024,138278.2518
Cayuga,NY,2024,192437.38254999998
Allegany,MD,2024,124239.08825
Madison,NY,2024,205960.22415
Warren,NY,2024,321350.73919999995
Livingston,NY,2024,205146.8977
Columbia,NY,2024,408724.34195000003
Herkimer,NY,2024,164727.7708
Otsego,NY,2024,191460.35804999998
Genesee,NY,2024,188079.9405
Fulton,NY,2024,186579.995
Worcester,MD,2024,424848.52815
Queen Annes,MD,2024,478677.8497
Tioga,NY,2024,170643.2788
Greene,NY,2024,327765.6752
Franklin,NY,2024,159826.58375
Chenango,NY,2024,142251.76085
Cortland,NY,2024,175118.24355
Delaware,NY,2024,219738.2625
Wyoming,NY,2024,176383.13545
Orleans,NY,2024,165377.66955
Talbot,MD,2024,460833.86395
Essex,NY,2024,254648.8985
Seneca,NY,2024,183195.13079999998
Caroline,MD,2024,296297.09265
Dorchester,MD,2024,249598.14059999998
Schoharie,NY,2024,213297.87115000002
Garrett,MD,2024,315386.5453
Lewis,NY,2024,174722.7515
Somerset,MD,2024,186263.783
Yates,NY,2024,263987.0132
Kent,MD,2024,334490.7657
Schuyler,NY,2024,207943.43695
Hamilton,NY,2024,244323.4633
