County/Region,Year,Average Value
Kings,2000,208263.63720000003
Queens,2000,262974.414725
New York,2000,393064.1499166666
Suffolk,2000,194451.88785833333
Bronx,2000,214212.0654333333
Nassau,2000,257815.52326666669
Westchester,2000,302584.35237499996
Erie,2000,88353.77282416665
Monroe,2000,99129.31055583333
Richmond,2000,199242.561
Onondaga,2000,79966.44358916667
Orange,2000,141242.56089166668
Rockland,2000,241788.06514999995
Albany,2000,117522.654675
Dutchess,2000,177596.05925000002
Saratoga,2000,124010.79405833331
Oneida,2000,67248.76840333334
Niagara,2000,75085.38017583333
Broome,2000,62880.157445
Ulster,2000,119257.29310000001
Rensselaer,2000,103022.00823333334
Schenectady,2000,93966.74352916666
Chautauqua,2000,57201.75807
Oswego,2000,63171.13018833333
Jefferson,2000,52392.600739166664
Ontario,2000,108080.99164999998
Saint Lawrence,2000,47288.427064999996
Tompkins,2000,87665.36172750003
Putnam,2000,207004.82997499997
Steuben,2000,76517.93989583333
Wayne,2000,98984.85830583332
Chemung,2000,57064.8677075
Clinton,2000,82715.63250333333
Sullivan,2000,70768.99398833333
Cattaraugus,2000,54069.30503083334
Cayuga,2000,60869.26527333333
Madison,2000,90348.0875875
Warren,2000,97781.50230583333
Livingston,2000,88992.8944875
Columbia,2000,104046.98206666665
Washington,2000,70937.13429583334
Herkimer,2000,57128.247853333334
Otsego,2000,53128.203817500005
Genesee,2000,76945.34768333334
Fulton,2000,60978.63857916667
Montgomery,2000,60989.847358333325
Tioga,2000,73014.8487725
Greene,2000,78043.68404916667
Franklin,2000,61229.6074025
Chenango,2000,51674.03010416666
Cortland,2000,65681.62617583334
Allegany,2000,45225.43838
Delaware,2000,66669.5652325
Wyoming,2000,67601.633065
Orleans,2000,60408.31347583333
Essex,2000,71761.70936583333
Seneca,2000,73372.86773166667
Schoharie,2000,73964.83611333334
Lewis,2000,62188.385353333324
Yates,2000,96813.018635
Schuyler,2000,80717.53261833335
Hamilton,2000,84612.33883666668
Kings,2001,235577.25912727273
Queens,2001,297662.9566
New York,2001,469092.51328181825
Suffolk,2001,227917.67277272727
Bronx,2001,235419.0973636364
Nassau,2001,289225.21491818177
Westchester,2001,344463.68227272725
Erie,2001,88556.00446545455
Monroe,2001,102365.00907272728
Richmond,2001,229253.02961818178
Onondaga,2001,83967.61764272727
Orange,2001,156295.46226363638
Rockland,2001,274225.0518636364
Albany,2001,120197.59657272729
Dutchess,2001,197910.90254545453
Saratoga,2001,130001.9526909091
Oneida,2001,70062.0350509091
Niagara,2001,78068.13265090912
Broome,2001,65970.22163272726
Ulster,2001,131522.6040090909
Rensselaer,2001,107968.76113636364
Schenectady,2001,99211.22021818183
Chautauqua,2001,60349.47183818181
Oswego,2001,66190.29922454547
Jefferson,2001,55720.56802636364
Ontario,2001,113582.39971818183
Saint Lawrence,2001,50130.50321727272
Tompkins,2001,92290.89410454546
Putnam,2001,232834.01563636362
Steuben,2001,81617.81181181819
Wayne,2001,108172.29291818183
Chemung,2001,59460.470056363636
Clinton,2001,89143.53667
Sullivan,2001,77987.15896636364
Cattaraugus,2001,58226.47305636364
Cayuga,2001,65833.35356999999
Madison,2001,97875.36010727273
Warren,2001,105321.23720909092
Livingston,2001,95306.86268454546
Columbia,2001,112912.18488181816
Washington,2001,77194.34976545454
Herkimer,2001,62030.25378272726
Otsego,2001,57930.63433818182
Genesee,2001,82298.13822363637
Fulton,2001,65817.96011727271
Montgomery,2001,66051.68427909091
Tioga,2001,78392.84027363636
Greene,2001,84566.57075363638
Franklin,2001,66532.84944363637
Chenango,2001,56079.00496454544
Cortland,2001,70764.74992999999
Allegany,2001,49370.59931909091
Delaware,2001,72984.11320818182
Wyoming,2001,72920.7168290909
Orleans,2001,64735.96511545454
Essex,2001,78456.93960181817
Seneca,2001,78861.55067636364
Schoharie,2001,80353.3336509091
Lewis,2001,66937.16754818181
Yates,2001,105480.39398181817
Schuyler,2001,87063.70969272728
Hamilton,2001,92237.07464818182
Kings,2002,203579.88325454545
Queens,2002,317071.45537272724
New York,2002,534289.0259545455
Suffolk,2002,266933.2566363636
Bronx,2002,263804.4558272727
Nassau,2002,326215.25390909094
Westchester,2002,390946.14039090904
Erie,2002,92888.55682454546
Monroe,2002,105954.55221818182
Richmond,2002,259903.5174818182
Onondaga,2002,88113.43208727274
Orange,2002,176942.8359
Rockland,2002,311027.9276818182
Albany,2002,128031.95391818183
Dutchess,2002,229539.55847272734
Saratoga,2002,141500.1466
Oneida,2002,73112.66369909092
Niagara,2002,70657.5948809091
Broome,2002,69675.45699363636
Ulster,2002,146735.6296818182
Rensselaer,2002,114547.99329999997
Schenectady,2002,104290.79103636365
Chautauqua,2002,61611.77703363637
Oswego,2002,71628.10617181819
Jefferson,2002,60198.624110909084
Ontario,2002,116867.32257272727
Saint Lawrence,2002,55101.13454363637
Tompkins,2002,95389.26397454547
Putnam,2002,266729.4359909091
Steuben,2002,85185.55814818182
Wayne,2002,106091.63750909091
Chemung,2002,51703.5961290909
Clinton,2002,96756.20709272729
Sullivan,2002,87699.76681727273
Cattaraugus,2002,63708.99433909091
Cayuga,2002,71087.53250727273
Madison,2002,65650.51762727273
Warren,2002,115165.45938181817
Livingston,2002,103025.55704545454
Columbia,2002,124383.80907272728
Washington,2002,84459.92851818181
Herkimer,2002,67622.7787
Otsego,2002,63723.54359545455
Genesee,2002,89006.61020181818
Fulton,2002,72217.86907999999
Montgomery,2002,72224.34184727272
Tioga,2002,85315.52803363636
Greene,2002,92864.4663090909
Franklin,2002,72457.14049818182
Chenango,2002,61680.13323636364
Cortland,2002,76928.65898727273
Allegany,2002,54079.43572363637
Delaware,2002,79795.94503181819
Wyoming,2002,79018.82639545454
Orleans,2002,70141.90321636364
Essex,2002,85668.22768636362
Seneca,2002,84865.47481
Schoharie,2002,87461.0717909091
Lewis,2002,72703.83864272728
Yates,2002,114556.16743636363
Schuyler,2002,94748.39764818182
Hamilton,2002,99776.92119363636
Kings,2003,299028.8649727273
Queens,2003,340713.7050181818
New York,2003,446852.4210909091
Suffolk,2003,318697.04072727275
Bronx,2003,258654.45764545453
Nassau,2003,378265.82054545457
Westchester,2003,442184.0555727273
Erie,2003,97158.61400363635
Monroe,2003,110825.86316363636
Richmond,2003,294874.5469090909
Onondaga,2003,94760.01368636361
Orange,2003,209184.96504545453
Rockland,2003,357694.5168636364
Albany,2003,141689.9391181818
Dutchess,2003,267012.7192818182
Saratoga,2003,159004.0424090909
Oneida,2003,77804.35597272727
Niagara,2003,80226.96177
Broome,2003,72310.41485090909
Ulster,2003,167129.87039999999
Rensselaer,2003,123706.60350909093
Schenectady,2003,114823.91896363636
Chautauqua,2003,63686.80885818182
Oswego,2003,72952.62386272728
Jefferson,2003,64479.69552272726
Ontario,2003,121764.98964545455
Saint Lawrence,2003,59777.41081818182
Tompkins,2003,106511.39203636366
Putnam,2003,307803.1667
Steuben,2003,83434.4408281818
Wayne,2003,106181.84910909088
Chemung,2003,64097.46644363636
Clinton,2003,83739.18045454545
Sullivan,2003,90319.33019
Cattaraugus,2003,56765.30512999999
Cayuga,2003,63023.21941000001
Madison,2003,103473.81793636364
Warren,2003,122483.82157272728
Livingston,2003,110545.71677272726
Columbia,2003,137704.10635454545
Washington,2003,92474.9195509091
Herkimer,2003,73653.45156999999
Otsego,2003,69925.55331363637
Genesee,2003,95901.01798818182
Fulton,2003,79017.54686272728
Montgomery,2003,71569.0991390909
Tioga,2003,92527.96732909091
Greene,2003,102065.55037818183
Franklin,2003,78939.78970363637
Chenango,2003,67223.98046545454
Cortland,2003,83043.48602272727
Allegany,2003,58960.52517000001
Delaware,2003,88377.18918363635
Wyoming,2003,85474.67101181817
Orleans,2003,75651.65408090908
Essex,2003,93987.72881454545
Seneca,2003,91519.82530909091
Schoharie,2003,95237.75405
Lewis,2003,79125.67330909091
Yates,2003,123864.37913636364
Schuyler,2003,102203.16987181817
Hamilton,2003,110110.98464545453
Kings,2004,346174.2956
Queens,2004,376005.7454000001
New York,2004,722645.224
Suffolk,2004,363581.11422499997
Bronx,2004,312940.11397500004
Nassau,2004,425111.04954999994
Westchester,2004,487983.5954666666
Erie,2004,103427.03781666665
Monroe,2004,116305.45642499998
Richmond,2004,331616.2376833334
Onondaga,2004,102536.10245
Orange,2004,238348.54505000004
Rockland,2004,398135.86380833335
Albany,2004,160851.42373333333
Dutchess,2004,220233.9826583333
Saratoga,2004,182773.416675
Oneida,2004,83984.01504000001
Niagara,2004,85195.58013
Broome,2004,76026.93043416667
Ulster,2004,195015.9568416667
Rensselaer,2004,136113.32379166665
Schenectady,2004,129761.22322500001
Chautauqua,2004,67672.05222416666
Oswego,2004,72378.90948
Jefferson,2004,70757.28128166667
Ontario,2004,128757.18029999999
Saint Lawrence,2004,64129.097780833334
Tompkins,2004,118388.45354166666
Putnam,2004,347583.167875
Steuben,2004,85681.46792583335
Wayne,2004,108635.62989999999
Chemung,2004,73637.12118166666
Clinton,2004,103687.78730000001
Sullivan,2004,110400.79255833333
Cattaraugus,2004,67196.84973
Cayuga,2004,86221.985165
Madison,2004,108324.77564999998
Warren,2004,133880.8759166667
Livingston,2004,118687.81553333333
Columbia,2004,155611.8075
Washington,2004,73970.53076083332
Herkimer,2004,82150.3726975
Otsego,2004,78516.11699333334
Genesee,2004,105259.4892525
Fulton,2004,87784.17344416666
Montgomery,2004,88163.66262916666
Tioga,2004,102761.99678666667
Greene,2004,115365.765925
Franklin,2004,87943.25361083332
Chenango,2004,74040.14649583334
Cortland,2004,91900.5741125
Allegany,2004,64838.66727166664
Delaware,2004,100012.36469916668
Wyoming,2004,94599.73032833333
Orleans,2004,83240.877615
Essex,2004,105350.63182166667
Seneca,2004,101667.21123833333
Schoharie,2004,106355.988175
Lewis,2004,87475.50810583333
Yates,2004,136781.91285833332
Schuyler,2004,112525.44744166666
Hamilton,2004,123919.30013333332
Kings,2005,414924.77500909095
Queens,2005,442087.33389999997
New York,2005,865810.1945999999
Suffolk,2005,416911.26037272724
Bronx,2005,370065.73586363636
Nassau,2005,480457.7485636365
Westchester,2005,549073.9240909091
Erie,2005,108501.23183636363
Monroe,2005,119478.45766363638
Richmond,2005,380899.4409636364
Onondaga,2005,109124.30489090909
Orange,2005,274403.9826090909
Rockland,2005,453836.27836363635
Albany,2005,185299.6079
Dutchess,2005,295462.1621909091
Saratoga,2005,212490.23925454545
Oneida,2005,90762.63093090909
Niagara,2005,88617.88885727272
Broome,2005,81484.5629090909
Ulster,2005,228703.889
Rensselaer,2005,158130.19607272727
Schenectady,2005,146669.4015090909
Chautauqua,2005,71365.38200909091
Oswego,2005,77360.70100090909
Jefferson,2005,84873.60181545456
Ontario,2005,134437.48342727273
Saint Lawrence,2005,67457.53445363637
Tompkins,2005,131432.55080909093
Putnam,2005,389962.9777272728
Steuben,2005,90411.30876545455
Wayne,2005,113125.47982727272
Chemung,2005,79379.75805545454
Clinton,2005,109847.30585454546
Sullivan,2005,121142.47929090909
Cattaraugus,2005,77737.55022272727
Cayuga,2005,97201.78110090908
Madison,2005,114746.09313636365
Warren,2005,153956.4407363636
Livingston,2005,123283.33302727272
Columbia,2005,178823.8092
Washington,2005,103125.21004454544
Herkimer,2005,92294.76914181818
Otsego,2005,91222.58147363637
Genesee,2005,117465.76126363636
Fulton,2005,96810.76307818183
Montgomery,2005,99804.97538
Tioga,2005,115226.00724545456
Greene,2005,132863.94795454547
Franklin,2005,99387.10588545454
Chenango,2005,80262.65964272729
Cortland,2005,100756.00673545453
Allegany,2005,71850.6442290909
Delaware,2005,115137.3962090909
Wyoming,2005,105431.57436363636
Orleans,2005,90438.13871636364
Essex,2005,120465.53008181817
Seneca,2005,113495.54995454544
Schoharie,2005,121213.43092727271
Lewis,2005,98607.12993818181
Yates,2005,151952.67303636365
Schuyler,2005,125376.18280909093
Hamilton,2005,141311.6731909091
Kings,2006,466615.5864818182
Queens,2006,457136.17989090906
New York,2006,976646.5440272727
Suffolk,2006,451578.4508363636
Bronx,2006,434474.6847363636
Nassau,2006,518965.6400090908
Westchester,2006,595901.1916090909
Erie,2006,114408.8623818182
Monroe,2006,123232.8609363636
Richmond,2006,424601.0681272727
Onondaga,2006,115675.34532727272
Orange,2006,297929.94199090917
Rockland,2006,488337.7093727272
Albany,2006,203749.3049727273
Dutchess,2006,315333.0132181818
Saratoga,2006,234519.7357
Oneida,2006,98209.95897727273
Niagara,2006,91852.96751363637
Broome,2006,90195.24376090908
Ulster,2006,249586.5734
Rensselaer,2006,177001.7745090909
Schenectady,2006,165009.9372272727
Chautauqua,2006,73930.69740818182
Oswego,2006,85123.14628818182
Jefferson,2006,100774.12855363637
Ontario,2006,139641.5729
Saint Lawrence,2006,75008.57250636363
Tompkins,2006,139390.7227
Putnam,2006,410104.80400909093
Steuben,2006,98886.44486636364
Wayne,2006,119598.02558181818
Chemung,2006,80635.22530363637
Clinton,2006,121006.39674545456
Sullivan,2006,130411.64275454548
Cattaraugus,2006,83593.69455000001
Cayuga,2006,109308.94483636365
Madison,2006,122893.23680000001
Warren,2006,184185.50372727273
Livingston,2006,127196.94606363638
Columbia,2006,197877.55383636363
Washington,2006,116589.11741818184
Herkimer,2006,97050.40530272727
Otsego,2006,108678.72517272727
Genesee,2006,122286.52658181818
Fulton,2006,103317.00279090909
Montgomery,2006,106061.32416363637
Tioga,2006,121013.9689090909
Greene,2006,144081.73244545455
Franklin,2006,105328.5928
Chenango,2006,88915.17095
Cortland,2006,108241.57232727273
Allegany,2006,75843.01915909092
Delaware,2006,124105.7208
Wyoming,2006,109820.6296
Orleans,2006,95384.99194090911
Essex,2006,128922.11207272726
Seneca,2006,117841.45789999998
Schoharie,2006,130424.82361818184
Lewis,2006,104653.85475454545
Yates,2006,158899.60504545455
Schuyler,2006,131177.76956363636
Hamilton,2006,151439.18153636364
Kings,2007,473764.3207636364
Queens,2007,501415.21650000004
New York,2007,947396.6362454544
Suffolk,2007,444997.07225454546
Bronx,2007,475679.7293545455
Nassau,2007,503483.03779090906
Westchester,2007,586442.6296181818
Erie,2007,118198.6874818182
Monroe,2007,125372.01233636365
Richmond,2007,428353.6072272727
Onondaga,2007,120638.45420909091
Orange,2007,296604.2500909091
Rockland,2007,467482.05164545454
Albany,2007,213346.05309090906
Dutchess,2007,309977.2386181818
Saratoga,2007,242029.6137909091
Oneida,2007,106025.77456363635
Niagara,2007,93500.42977909092
Broome,2007,98099.74567545456
Ulster,2007,246760.75619090907
Rensselaer,2007,186696.68534545452
Schenectady,2007,172365.29885454543
Chautauqua,2007,76349.39807363636
Oswego,2007,87585.0326509091
Jefferson,2007,110622.41430000002
Ontario,2007,142803.62221818184
Saint Lawrence,2007,79283.04524272728
Tompkins,2007,143292.51313636362
Putnam,2007,406382.07205454545
Steuben,2007,103347.50604545455
Wayne,2007,121870.55475454545
Chemung,2007,83901.7018409091
Clinton,2007,125492.75166363636
Sullivan,2007,136550.2623363636
Cattaraugus,2007,89854.85228545453
Cayuga,2007,116643.20007272727
Madison,2007,130486.24298181821
Warren,2007,186487.61737272728
Livingston,2007,131700.84477272726
Columbia,2007,215173.1734363636
Washington,2007,131783.9881909091
Herkimer,2007,102077.51185818181
Otsego,2007,123684.11817272728
Genesee,2007,124446.32984545454
Fulton,2007,110517.8576090909
Montgomery,2007,107696.14810909094
Tioga,2007,121434.75899090907
Greene,2007,131426.27523636364
Franklin,2007,106077.61946363637
Chenango,2007,94578.70392090907
Cortland,2007,117970.77100000001
Allegany,2007,77021.13584
Delaware,2007,128295.7961
Wyoming,2007,114139.57648181818
Orleans,2007,97512.84951636364
Essex,2007,119217.3755727273
Seneca,2007,116787.37507272727
Schoharie,2007,132609.59885454547
Lewis,2007,106825.34664545454
Yates,2007,158728.9219
Schuyler,2007,130541.74417272727
Hamilton,2007,154123.34503636364
Kings,2008,468429.21763333335
Queens,2008,486176.82909166673
New York,2008,951317.3901999999
Suffolk,2008,421149.64557500003
Bronx,2008,467041.19725000014
Nassau,2008,482124.84946666675
Westchester,2008,570916.2255749999
Erie,2008,120347.1992333333
Monroe,2008,127058.307525
Richmond,2008,414723.05864999996
Onondaga,2008,123169.64580833334
Orange,2008,279522.84219166666
Rockland,2008,447296.9006333333
Albany,2008,209954.15564166664
Dutchess,2008,295894.6268666667
Saratoga,2008,237042.39335000003
Oneida,2008,108811.9791833333
Niagara,2008,95526.40267333332
Broome,2008,107190.30543333333
Ulster,2008,243244.11825000003
Rensselaer,2008,186717.72815833334
Schenectady,2008,172705.371425
Chautauqua,2008,78841.70223499999
Oswego,2008,91172.88234833335
Jefferson,2008,119417.741925
Ontario,2008,147406.108125
Saint Lawrence,2008,79121.89959916667
Tompkins,2008,158366.99089166668
Putnam,2008,388209.4895083333
Steuben,2008,105255.10159166668
Wayne,2008,117639.03959166666
Chemung,2008,83838.75805749999
Clinton,2008,129639.953575
Sullivan,2008,142069.13194166668
Cattaraugus,2008,89585.31236833334
Cayuga,2008,118347.60592500003
Madison,2008,131953.3463
Warren,2008,192755.1953166667
Livingston,2008,130326.850625
Columbia,2008,212904.94495833336
Washington,2008,137780.4836666667
Herkimer,2008,103404.69919166667
Otsego,2008,127407.34181666665
Genesee,2008,118577.89829166666
Fulton,2008,113615.450225
Montgomery,2008,108938.10907499999
Tioga,2008,119280.2354083333
Greene,2008,168236.98813333336
Franklin,2008,104078.601625
Chenango,2008,96708.96134166665
Cortland,2008,119573.69045
Allegany,2008,77177.73555
Delaware,2008,132438.881125
Wyoming,2008,112100.89274166664
Orleans,2008,99589.20716333333
Essex,2008,140952.74434166666
Seneca,2008,112608.18255000003
Schoharie,2008,130716.07210833335
Lewis,2008,106055.06160833333
Yates,2008,155413.5045
Schuyler,2008,127729.79019166665
Hamilton,2008,152724.56335833334
Kings,2009,431275.68143636367
Queens,2009,434596.51029090903
New York,2009,937915.7581363636
Suffolk,2009,388570.5187909091
Bronx,2009,420379.0694181817
Nassau,2009,443476.01823636366
Westchester,2009,530073.6121
Erie,2009,121636.30673636362
Monroe,2009,126479.8808818182
Richmond,2009,392965.85429090913
Onondaga,2009,122359.96663636364
Orange,2009,257924.9881909091
Rockland,2009,414341.856509091
Albany,2009,204487.62898181818
Dutchess,2009,268747.9816909091
Saratoga,2009,230652.28068181823
Oneida,2009,108373.80851818183
Niagara,2009,97534.51276727272
Broome,2009,105947.48166363638
Ulster,2009,221441.05039999998
Rensselaer,2009,180663.33426363638
Schenectady,2009,167932.04790909094
Chautauqua,2009,80184.16999181818
Oswego,2009,92980.65177454546
Jefferson,2009,120246.66014545456
Ontario,2009,146860.78843636363
Saint Lawrence,2009,74433.85468545454
Tompkins,2009,167564.29073636362
Putnam,2009,354367.9706909091
Steuben,2009,95730.2238509091
Wayne,2009,109492.0590909091
Chemung,2009,85794.99298818181
Clinton,2009,122906.97215454545
Sullivan,2009,137568.44522727275
Cattaraugus,2009,84183.62185
Cayuga,2009,111943.86254545454
Madison,2009,124383.4162
Warren,2009,185687.3493909091
Livingston,2009,121825.9153181818
Columbia,2009,203190.58509090907
Washington,2009,132324.34112727272
Herkimer,2009,98161.28582909089
Otsego,2009,122369.91974545456
Genesee,2009,109228.2445818182
Fulton,2009,108910.60660909092
Montgomery,2009,103814.9589636364
Tioga,2009,112926.94615454544
Greene,2009,162052.38724545453
Franklin,2009,98926.67252272727
Chenango,2009,91685.74061818182
Cortland,2009,112385.53796363637
Allegany,2009,71981.49643272726
Delaware,2009,127360.42812727274
Wyoming,2009,104025.70997272729
Orleans,2009,92992.65689999999
Essex,2009,137033.35824545455
Seneca,2009,105111.43737272728
Schoharie,2009,124368.41619999999
Lewis,2009,101996.12346363635
Yates,2009,147477.32499999998
Schuyler,2009,122156.21918181817
Hamilton,2009,147667.10105454546
Kings,2010,425056.5752181819
Queens,2010,420285.0940454546
New York,2010,877041.426618182
Suffolk,2010,381198.1071636364
Bronx,2010,373244.51590909093
Nassau,2010,435131.73145454546
Westchester,2010,518399.6379454545
Erie,2010,123492.81706363638
Monroe,2010,127953.20601818184
Richmond,2010,392894.7326454546
Onondaga,2010,123669.59323636362
Orange,2010,243374.50410909095
Rockland,2010,393009.95888181817
Albany,2010,203390.96746363633
Dutchess,2010,259470.07540909087
Saratoga,2010,234467.65156363632
Oneida,2010,109688.2238090909
Niagara,2010,100814.58925818182
Broome,2010,107686.35034545454
Ulster,2010,217459.82204545455
Rensselaer,2010,180066.5982272727
Schenectady,2010,169275.75917272727
Chautauqua,2010,80207.83755636364
Oswego,2010,94571.3852518182
Jefferson,2010,121610.15245454547
Ontario,2010,147703.35850909093
Saint Lawrence,2010,72490.90104
Tompkins,2010,171982.52815454546
Putnam,2010,347810.6259090909
Steuben,2010,92728.24241818182
Wayne,2010,113223.37052727272
Chemung,2010,88250.02690636364
Clinton,2010,120217.83111818181
Sullivan,2010,136190.15153636364
Cattaraugus,2010,81460.5704781818
Cayuga,2010,109168.69889090909
Madison,2010,121250.91279090907
Warren,2010,183341.01451818185
Livingston,2010,117831.59810909089
Columbia,2010,199471.4671818182
Washington,2010,130765.12454545451
Herkimer,2010,95769.46093272729
Otsego,2010,120714.75369090911
Genesee,2010,104795.1145909091
Fulton,2010,107121.85971818179
Montgomery,2010,101516.36533636363
Tioga,2010,110456.40954545456
Greene,2010,158894.54141818182
Franklin,2010,96588.57868727273
Chenango,2010,90126.04489363637
Cortland,2010,109845.48240909091
Allegany,2010,69932.65146636363
Delaware,2010,126057.3807363636
Wyoming,2010,99974.53943272727
Orleans,2010,89849.67851454545
Essex,2010,134956.74421818185
Seneca,2010,102243.57918181819
Schoharie,2010,122190.66378181819
Lewis,2010,101061.70537272729
Yates,2010,144916.18645454544
Schuyler,2010,119557.9379090909
Hamilton,2010,145789.2364545455
Kings,2011,428517.63183636364
Queens,2011,421170.9851818182
New York,2011,927449.3516181819
Suffolk,2011,367516.5782363636
Bronx,2011,340894.93331818184
Nassau,2011,422351.6422818182
Westchester,2011,495770.05819090904
Erie,2011,122665.32461818185
Monroe,2011,124486.06604545456
Richmond,2011,384695.65000909084
Onondaga,2011,120861.81154545456
Orange,2011,227593.82187272728
Rockland,2011,378335.90247272723
Albany,2011,198838.46555454546
Dutchess,2011,244187.49845454545
Saratoga,2011,229349.7165
Oneida,2011,107872.32157272728
Niagara,2011,99738.68006818181
Broome,2011,100335.45319545455
Ulster,2011,202867.47286363636
Rensselaer,2011,171995.82924545454
Schenectady,2011,159184.11121818182
Chautauqua,2011,80085.62202636365
Oswego,2011,94047.7806
Jefferson,2011,125032.91695454545
Ontario,2011,145928.68873636363
Saint Lawrence,2011,73498.9847718182
Tompkins,2011,169553.70760909092
Putnam,2011,321035.5862727273
Steuben,2011,91087.06673363637
Wayne,2011,110142.51376363635
Chemung,2011,89738.4202481818
Clinton,2011,118419.3844909091
Sullivan,2011,134242.12120000002
Cattaraugus,2011,79946.76401
Cayuga,2011,107160.12162727272
Madison,2011,118978.95968181817
Warren,2011,181587.12742727273
Livingston,2011,114324.52471818183
Columbia,2011,198748.3980090909
Washington,2011,130663.75123636363
Herkimer,2011,93780.33762
Otsego,2011,119979.98430909091
Genesee,2011,101920.87815454545
Fulton,2011,106043.05012727273
Montgomery,2011,100508.89905454544
Tioga,2011,108894.56487272726
Greene,2011,158198.31542727273
Franklin,2011,95683.62967363634
Chenango,2011,89383.39823818182
Cortland,2011,107904.46524545456
Allegany,2011,68280.85802636364
Delaware,2011,125145.84830909093
Wyoming,2011,97959.94008818181
Orleans,2011,87379.11346000001
Essex,2011,136100.33299090908
Seneca,2011,100027.22419272727
Schoharie,2011,121204.60475454548
Lewis,2011,100667.33293636363
Yates,2011,142061.72008181817
Schuyler,2011,118976.04114545454
Hamilton,2011,145818.91107272726
Kings,2012,438984.29999166663
Queens,2012,425545.13959999994
New York,2012,957392.6573166669
Suffolk,2012,353689.21552500007
Bronx,2012,341956.0374583333
Nassau,2012,416364.63625
Westchester,2012,479048.3807916667
Erie,2012,122126.63001666668
Monroe,2012,122885.65486666666
Richmond,2012,376656.5097333333
Onondaga,2012,119497.05748333334
Orange,2012,212768.90400833334
Rockland,2012,362776.41709166666
Albany,2012,194826.37583333332
Dutchess,2012,233174.6124416667
Saratoga,2012,232546.94800833333
Oneida,2012,105949.65927500003
Niagara,2012,101039.71338333334
Broome,2012,99505.42988916665
Ulster,2012,189625.31933333332
Rensselaer,2012,168280.11959166665
Schenectady,2012,155410.81245833336
Chautauqua,2012,80917.00336583331
Oswego,2012,95182.34876416666
Jefferson,2012,135563.765425
Ontario,2012,145173.67843333332
Saint Lawrence,2012,77197.72043666667
Tompkins,2012,171502.3936
Putnam,2012,292887.78557500005
Steuben,2012,91766.15152083333
Wayne,2012,107285.94142500001
Chemung,2012,92753.79409333332
Clinton,2012,117255.15135833334
Sullivan,2012,131463.15613333334
Cattaraugus,2012,78515.58682416666
Cayuga,2012,108630.4003
Madison,2012,117857.06200833333
Warren,2012,181649.75943333333
Livingston,2012,112979.71010833333
Columbia,2012,202084.87669166666
Washington,2012,131294.69517500003
Herkimer,2012,93394.89239333333
Otsego,2012,121263.7126333333
Genesee,2012,101278.79760833333
Fulton,2012,106980.25105833332
Montgomery,2012,101007.6264075
Tioga,2012,108482.27243333333
Greene,2012,160198.521925
Franklin,2012,96427.92636083334
Chenango,2012,89342.15172416666
Cortland,2012,107595.82060833334
Allegany,2012,67334.04760500001
Delaware,2012,127494.00147500001
Wyoming,2012,97754.772025
Orleans,2012,86271.82018416666
Essex,2012,137266.06668333334
Seneca,2012,99380.83472583334
Schoharie,2012,122304.73512499999
Lewis,2012,103311.35524999998
Yates,2012,142190.60379999998
Schuyler,2012,119415.92090833333
Hamilton,2012,148290.18649999998
Kings,2013,470265.71277272725
Queens,2013,444674.63723636366
New York,2013,1025483.4860272725
Suffolk,2013,355715.3631545455
Bronx,2013,353734.2835272727
Nassau,2013,428338.4089272728
Westchester,2013,486641.8726818182
Erie,2013,126367.66974545455
Monroe,2013,124959.85517272727
Richmond,2013,384730.02183636354
Onondaga,2013,120702.76785454544
Orange,2013,211376.15687272727
Rockland,2013,369745.2736
Albany,2013,198269.30579090907
Dutchess,2013,233962.67042727274
Saratoga,2013,238716.58446363636
Oneida,2013,106044.37690000002
Niagara,2013,102589.1281
Broome,2013,100233.24212636365
Ulster,2013,185837.29018181816
Rensselaer,2013,169238.75194545457
Schenectady,2013,156144.70553636362
Chautauqua,2013,82141.2505009091
Oswego,2013,97323.46848909091
Jefferson,2013,139760.9362909091
Ontario,2013,147945.59344545452
Saint Lawrence,2013,80987.88710181817
Tompkins,2013,180028.00350909095
Putnam,2013,291354.98441818176
Steuben,2013,95500.76497454545
Wayne,2013,108497.6488
Chemung,2013,95698.35267272727
Clinton,2013,118545.16291818181
Sullivan,2013,130017.73077272727
Cattaraugus,2013,77828.60443727275
Cayuga,2013,112349.94574545455
Madison,2013,119645.22871818184
Warren,2013,187300.6540181818
Livingston,2013,115066.6299181818
Columbia,2013,205384.74864545456
Washington,2013,132191.5869818182
Herkimer,2013,94675.88729454543
Otsego,2013,121287.41116363638
Genesee,2013,102697.14558181817
Fulton,2013,107295.90304545454
Montgomery,2013,98697.90344636362
Tioga,2013,111016.19459999999
Greene,2013,161816.36295454545
Franklin,2013,96868.73733636363
Chenango,2013,89905.39347454545
Cortland,2013,108027.78923636363
Allegany,2013,68142.79318272728
Delaware,2013,128102.43901818182
Wyoming,2013,98418.71619181818
Orleans,2013,85997.93539727273
Essex,2013,136641.38397272726
Seneca,2013,102934.6305909091
Schoharie,2013,122645.90147272726
Lewis,2013,107039.49302727272
Yates,2013,146573.80513636363
Schuyler,2013,121589.6799181818
Hamilton,2013,150752.0589181818
Kings,2014,521088.98426363635
Queens,2014,476847.7848818181
New York,2014,1169295.1718181819
Suffolk,2014,366555.70742727275
Bronx,2014,370459.85770000005
Nassau,2014,451478.35628181824
Westchester,2014,517350.55129090906
Erie,2014,131101.72587272726
Monroe,2014,127264.96814545455
Richmond,2014,399569.540509091
Onondaga,2014,122305.51004545455
Orange,2014,213110.1798727273
Rockland,2014,375607.1116
Albany,2014,200128.57090909092
Dutchess,2014,239464.25228181816
Saratoga,2014,243739.49127272732
Oneida,2014,106067.14375454545
Niagara,2014,106384.01504545454
Broome,2014,99815.49714636365
Ulster,2014,189414.56524545455
Rensselaer,2014,170160.46973636362
Schenectady,2014,156218.7614818182
Chautauqua,2014,82779.65649636363
Oswego,2014,98895.4291590909
Jefferson,2014,138649.9405181818
Ontario,2014,151931.7274818182
Saint Lawrence,2014,82714.42793636363
Tompkins,2014,187236.78566363637
Putnam,2014,296814.58342727274
Steuben,2014,97286.80108818183
Wayne,2014,110743.7737
Chemung,2014,95194.81734818182
Clinton,2014,121200.01794545456
Sullivan,2014,132625.44046363636
Cattaraugus,2014,79254.41333636364
Cayuga,2014,114820.90411818182
Madison,2014,123068.06799090908
Warren,2014,189851.76020909092
Livingston,2014,117466.53766363635
Columbia,2014,211810.24348181815
Washington,2014,134138.83885454544
Herkimer,2014,94061.39976545455
Otsego,2014,121281.0890181818
Genesee,2014,104916.70019999999
Fulton,2014,105955.20849090909
Montgomery,2014,96848.69256909093
Tioga,2014,113276.6721909091
Greene,2014,165990.44771818185
Franklin,2014,96332.42642727272
Chenango,2014,89623.23946727272
Cortland,2014,108903.70133636365
Allegany,2014,67966.12856
Delaware,2014,127671.40640909094
Wyoming,2014,99382.81255454545
Orleans,2014,87161.87097818182
Essex,2014,137410.36419090908
Seneca,2014,105120.45905454546
Schoharie,2014,122701.86522727273
Lewis,2014,108839.16720909091
Yates,2014,150369.0634909091
Schuyler,2014,124286.96310000001
Hamilton,2014,150787.30576363637
Kings,2015,572673.0717272727
Queens,2015,506597.1129454546
New York,2015,1253855.6507272727
Suffolk,2015,376736.1649909091
Bronx,2015,390276.87107272726
Nassau,2015,467310.2742818182
Westchester,2015,532144.7991727273
Erie,2015,135800.39661818184
Monroe,2015,129931.9345909091
Richmond,2015,420677.49677272735
Onondaga,2015,124992.78823636365
Orange,2015,215840.27329999997
Rockland,2015,382016.2972727273
Albany,2015,201633.75035454545
Dutchess,2015,240272.88002727274
Saratoga,2015,249995.08462727268
Oneida,2015,108912.21960000001
Niagara,2015,108827.5974909091
Broome,2015,99006.31576
Ulster,2015,192162.9857
Rensselaer,2015,172491.36150909093
Schenectady,2015,156548.27377272726
Chautauqua,2015,83688.93277545455
Oswego,2015,100622.45744545454
Jefferson,2015,137285.48634545453
Ontario,2015,155610.4963
Saint Lawrence,2015,81938.94471909093
Tompkins,2015,196669.4258363636
Putnam,2015,300025.1055454546
Steuben,2015,96543.41408545454
Wayne,2015,113316.2824
Chemung,2015,93844.72713181817
Clinton,2015,122619.64932727274
Sullivan,2015,133700.62834545455
Cattaraugus,2015,78681.48007636364
Cayuga,2015,117226.5336909091
Madison,2015,123494.25610909093
Warren,2015,192646.1791909091
Livingston,2015,120388.33290909092
Columbia,2015,217278.5264818182
Washington,2015,137804.88515454548
Herkimer,2015,94696.03838
Otsego,2015,122188.53080909092
Genesee,2015,107328.16962727271
Fulton,2015,106721.2593909091
Montgomery,2015,97991.78125454547
Tioga,2015,113379.81409999999
Greene,2015,166942.57391818182
Franklin,2015,99515.74543363637
Chenango,2015,89436.54063
Cortland,2015,110431.65722727272
Allegany,2015,67131.3687790909
Delaware,2015,128920.7757818182
Wyoming,2015,101455.70063454546
Orleans,2015,89080.22633181818
Essex,2015,139481.34376363637
Seneca,2015,106260.7361181818
Schoharie,2015,123474.1805
Lewis,2015,112780.82984545454
Yates,2015,154670.93106363638
Schuyler,2015,127355.93196363637
Hamilton,2015,151369.32727272727
Kings,2016,624306.0154083334
Queens,2016,547998.9724166667
New York,2016,1313910.372666667
Suffolk,2016,388066.66583333333
Bronx,2016,424102.0685916667
Nassau,2016,489712.6582
Westchester,2016,547807.1366916668
Erie,2016,142308.7655
Monroe,2016,139424.58253333333
Richmond,2016,452836.63611666666
Onondaga,2016,128362.15909166668
Orange,2016,221233.12483333334
Rockland,2016,399110.9126916667
Albany,2016,206540.9629083333
Dutchess,2016,246453.88342499998
Saratoga,2016,259752.97712499995
Oneida,2016,112050.14289166668
Niagara,2016,113815.714875
Broome,2016,99962.25274583332
Ulster,2016,196404.98760833332
Rensselaer,2016,175381.66194166665
Schenectady,2016,159499.451775
Chautauqua,2016,86970.5462625
Oswego,2016,104728.8264
Jefferson,2016,136163.91495
Ontario,2016,161132.43273333335
Saint Lawrence,2016,84095.13476916666
Tompkins,2016,202934.57634166666
Putnam,2016,308682.40709166665
Steuben,2016,97487.60027833334
Wayne,2016,116878.69184166669
Chemung,2016,94905.52503
Clinton,2016,124739.11440833333
Sullivan,2016,137423.02185833332
Cattaraugus,2016,80517.51664916666
Cayuga,2016,118776.159575
Madison,2016,125449.62190833334
Warren,2016,197441.93614166664
Livingston,2016,126025.32541666669
Columbia,2016,221937.54750000002
Washington,2016,141156.74338333332
Herkimer,2016,96750.32603833334
Otsego,2016,125155.05214166666
Genesee,2016,110938.99691666667
Fulton,2016,111927.64131666669
Montgomery,2016,100203.0133225
Tioga,2016,113528.08931666666
Greene,2016,173377.28348333333
Franklin,2016,100947.754075
Chenango,2016,89403.03049166668
Cortland,2016,115525.11245833333
Allegany,2016,70169.9614875
Delaware,2016,130143.70963333333
Wyoming,2016,104706.02914166666
Orleans,2016,92996.69771250001
Essex,2016,142728.58523333332
Seneca,2016,109110.58862499999
Schoharie,2016,126300.94505
Lewis,2016,114874.68028333333
Yates,2016,163853.41886666665
Schuyler,2016,131492.69475833332
Hamilton,2016,154741.03315833333
Kings,2017,673602.3078636363
Queens,2017,593629.8217000001
New York,2017,1329034.2942727273
Suffolk,2017,405264.6137818182
Bronx,2017,456928.50125454547
Nassau,2017,519159.6387636364
Westchester,2017,566474.9014999998
Erie,2017,151081.17976363635
Monroe,2017,146619.9386090909
Richmond,2017,506370.0870454545
Onondaga,2017,132059.66342727272
Orange,2017,233716.3780272727
Rockland,2017,421291.91688181815
Albany,2017,213782.95903636364
Dutchess,2017,258575.35357272727
Saratoga,2017,266913.5904636364
Oneida,2017,117121.89898181817
Niagara,2017,122212.09645454543
Broome,2017,100614.16587181819
Ulster,2017,205727.10206363632
Rensselaer,2017,180517.3445454545
Schenectady,2017,164501.8428
Chautauqua,2017,89481.20227636363
Oswego,2017,105552.98318181817
Jefferson,2017,135003.25234545453
Ontario,2017,165813.0178909091
Saint Lawrence,2017,84847.41244363636
Tompkins,2017,212692.19005454544
Putnam,2017,324864.84719999996
Steuben,2017,100022.60260272726
Wayne,2017,121584.88470909091
Chemung,2017,95831.82800636362
Clinton,2017,129893.31620909089
Sullivan,2017,141578.40927272727
Cattaraugus,2017,82820.80389454543
Cayuga,2017,122615.08979090909
Madison,2017,129879.2561363636
Warren,2017,203710.8216909091
Livingston,2017,129979.20353636361
Columbia,2017,229273.0139727273
Washington,2017,143858.30856363635
Herkimer,2017,100196.23307454545
Otsego,2017,128849.04512727274
Genesee,2017,116043.9298
Fulton,2017,119678.05597272725
Montgomery,2017,105720.76647272728
Tioga,2017,113793.20746363638
Greene,2017,177117.3817818182
Franklin,2017,103948.17659999999
Chenango,2017,91335.17446363636
Cortland,2017,118571.87739999998
Allegany,2017,72386.70310181819
Delaware,2017,132325.7477818182
Wyoming,2017,108518.7026181818
Orleans,2017,98540.29766272726
Essex,2017,145931.9617909091
Seneca,2017,115025.05683636363
Schoharie,2017,130418.06014545454
Lewis,2017,116497.43624545456
Yates,2017,173301.2692727273
Schuyler,2017,137553.77447272727
Hamilton,2017,156969.55034545454
Kings,2018,729750.0606
Queens,2018,637845.2861818182
New York,2018,1375318.6415454545
Suffolk,2018,413990.3700181818
Bronx,2018,488855.5844090909
Nassau,2018,549097.1364727273
Westchester,2018,583394.1412272728
Erie,2018,162257.01074545455
Monroe,2018,145954.16330000001
Richmond,2018,553756.9238818183
Onondaga,2018,138142.92254545452
Orange,2018,249506.7002363637
Rockland,2018,445139.16937272734
Albany,2018,224021.17274545456
Dutchess,2018,270351.52015454543
Saratoga,2018,276566.0035636364
Oneida,2018,125869.5208
Niagara,2018,132069.88850909093
Broome,2018,105940.29927272728
Ulster,2018,219441.13569090908
Rensselaer,2018,189511.52372727275
Schenectady,2018,172392.96610000002
Chautauqua,2018,92427.2117909091
Oswego,2018,110052.52542727273
Jefferson,2018,138999.05686363636
Ontario,2018,172579.28651818182
Saint Lawrence,2018,86896.8383990909
Tompkins,2018,219003.33358181818
Putnam,2018,342237.6611636364
Steuben,2018,105360.4954090909
Wayne,2018,127476.45281818183
Chemung,2018,100457.25076727275
Clinton,2018,134716.4847818182
Sullivan,2018,148240.66035454546
Cattaraugus,2018,85527.82796272729
Cayuga,2018,127733.31806363635
Madison,2018,137810.24733636362
Warren,2018,210125.02610909092
Livingston,2018,132717.62313636363
Columbia,2018,239921.4828727273
Washington,2018,149640.5226818182
Herkimer,2018,105907.04223636365
Otsego,2018,132795.47137272725
Genesee,2018,121319.59508181819
Fulton,2018,122770.84046363636
Montgomery,2018,111744.46716363636
Tioga,2018,118493.18552727274
Greene,2018,188629.44827272728
Franklin,2018,109098.13860909092
Chenango,2018,95572.48768818182
Cortland,2018,123402.11781818181
Allegany,2018,75805.56974545456
Delaware,2018,138437.45794545452
Wyoming,2018,115190.6175090909
Orleans,2018,103405.65368181818
Essex,2018,149372.87838181818
Seneca,2018,119859.44690909091
Schoharie,2018,134906.79188181815
Lewis,2018,121647.28466363634
Yates,2018,178359.87960000001
Schuyler,2018,145429.7521181818
Hamilton,2018,163322.9865727273
Kings,2019,762497.2085454544
Queens,2019,659658.1243272729
New York,2019,1312813.226090909
Suffolk,2019,449884.0014272727
Bronx,2019,517786.6806181818
Nassau,2019,567634.4244545456
Westchester,2019,586166.7299181818
Erie,2019,170182.3262818182
Monroe,2019,153524.3126
Richmond,2019,580711.2793999999
Onondaga,2019,144153.86609090908
Orange,2019,263683.43693636364
Rockland,2019,460382.0100454546
Albany,2019,231793.32226363636
Dutchess,2019,284187.7925363637
Saratoga,2019,281931.0515818182
Oneida,2019,131140.89031818183
Niagara,2019,139558.85687272728
Broome,2019,110605.24029090909
Ulster,2019,229167.6528090909
Rensselaer,2019,196159.58617272723
Schenectady,2019,179902.24456363637
Chautauqua,2019,97084.96943090908
Oswego,2019,115424.24233636363
Jefferson,2019,142744.37951818184
Ontario,2019,179495.14696363636
Saint Lawrence,2019,90646.25349090909
Tompkins,2019,220077.86779090905
Putnam,2019,353172.4374909091
Steuben,2019,109511.3304909091
Wayne,2019,134135.29653636363
Chemung,2019,103625.1735909091
Clinton,2019,142372.86855454545
Sullivan,2019,155362.4765
Cattaraugus,2019,89063.69849909091
Cayuga,2019,130967.20186363635
Madison,2019,143065.81519090908
Warren,2019,214868.79568181818
Livingston,2019,137816.0939818182
Columbia,2019,245646.46550000002
Washington,2019,156266.67192727272
Herkimer,2019,112379.30042727274
Otsego,2019,137859.83697272724
Genesee,2019,126693.38573636365
Fulton,2019,126538.56454545452
Montgomery,2019,117164.1384909091
Tioga,2019,125179.3659090909
Greene,2019,193587.6096
Franklin,2019,112589.22987272726
Chenango,2019,99898.2331881818
Cortland,2019,126632.51764545454
Allegany,2019,76497.59982272728
Delaware,2019,141785.9919181818
Wyoming,2019,121403.94169090908
Orleans,2019,108289.36164545454
Essex,2019,153026.65783636362
Seneca,2019,123395.99729090907
Schoharie,2019,139788.87471818182
Lewis,2019,124457.6589090909
Yates,2019,183079.49740909092
Schuyler,2019,148604.98396363636
Hamilton,2019,168289.42431818185
Kings,2020,770170.1079000001
Queens,2020,673500.5289166667
New York,2020,1264635.4243333333
Suffolk,2020,470150.43481666665
Bronx,2020,514119.0299166667
Nassau,2020,588910.4564333333
Westchester,2020,595090.6833166666
Erie,2020,180976.69954166666
Monroe,2020,164601.64093333334
Richmond,2020,583734.7451583333
Onondaga,2020,153947.86837500005
Orange,2020,279208.608725
Rockland,2020,472021.7098916667
Albany,2020,239919.84781666662
Dutchess,2020,302977.2829416666
Saratoga,2020,291085.81245
Oneida,2020,140883.91553333332
Niagara,2020,150463.60889166666
Broome,2020,115475.39998333332
Ulster,2020,247195.31349999996
Rensselaer,2020,205940.02445833336
Schenectady,2020,189846.76055833334
Chautauqua,2020,105636.12396666665
Oswego,2020,122883.02524166666
Jefferson,2020,148845.64120833334
Ontario,2020,190379.44287499998
Saint Lawrence,2020,94412.26600166668
Tompkins,2020,228942.41395
Putnam,2020,365611.1488833334
Steuben,2020,115854.56032500001
Wayne,2020,145081.72498333332
Chemung,2020,108638.674825
Clinton,2020,150545.37508333335
Sullivan,2020,167743.40476666667
Cattaraugus,2020,94259.55659000001
Cayuga,2020,139848.62882500002
Madison,2020,148826.23220833333
Warren,2020,225112.54133333333
Livingston,2020,147218.5527666667
Columbia,2020,240766.80585
Washington,2020,164371.64261666665
Herkimer,2020,119820.54124166667
Otsego,2020,145068.045475
Genesee,2020,136940.78174166667
Fulton,2020,135986.7224333333
Montgomery,2020,126392.19662499998
Tioga,2020,131722.45514166667
Greene,2020,207163.8618083333
Franklin,2020,119061.06268333334
Chenango,2020,106699.50202499998
Cortland,2020,133230.01314999998
Allegany,2020,81558.59865916666
Delaware,2020,150946.36806666665
Wyoming,2020,131479.6526
Orleans,2020,116807.08202499997
Essex,2020,162041.28906666668
Seneca,2020,129836.51830833331
Schoharie,2020,151937.9888833333
Lewis,2020,130312.21125
Yates,2020,194635.95070833332
Schuyler,2020,155147.822575
Hamilton,2020,175900.73401666668
Kings,2021,800156.8838454544
Queens,2021,696899.9989181818
New York,2021,1287949.115
Suffolk,2021,527094.3245090909
Bronx,2021,520185.83321818174
Nassau,2021,637918.9713363637
Westchester,2021,654093.3163363634
Erie,2021,209193.8899818182
Monroe,2021,189235.2875545455
Richmond,2021,599249.0575909091
Onondaga,2021,175680.24063636363
Orange,2021,327569.0645181818
Rockland,2021,529542.6110363636
Albany,2021,264856.8620181819
Dutchess,2021,359069.3287090909
Saratoga,2021,326828.54393636365
Oneida,2021,163373.25172727273
Niagara,2021,175807.2840818182
Broome,2021,130813.28457272728
Ulster,2021,311734.43763636367
Rensselaer,2021,233672.97359090913
Schenectady,2021,214512.83999090912
Chautauqua,2021,124960.24800909091
Oswego,2021,140325.16378181818
Jefferson,2021,164582.62167272728
Ontario,2021,217040.19176363637
Saint Lawrence,2021,108556.65174545455
Tompkins,2021,254681.03820000004
Putnam,2021,414498.79224545456
Steuben,2021,129350.26687272727
Wayne,2021,167621.69167272726
Chemung,2021,121949.77071818183
Clinton,2021,167826.47849090912
Sullivan,2021,215995.7561181818
Cattaraugus,2021,112208.96092727274
Cayuga,2021,161129.1971818182
Madison,2021,169106.96996363637
Warren,2021,260240.28714545455
Livingston,2021,168147.81978181817
Columbia,2021,331797.75371818175
Washington,2021,186149.2813818182
Herkimer,2021,135605.467
Otsego,2021,162032.61010909092
Genesee,2021,159836.2331090909
Fulton,2021,160495.8107727273
Montgomery,2021,148646.86289999998
Tioga,2021,149366.89278181817
Greene,2021,265784.62833636365
Franklin,2021,139708.95013636362
Chenango,2021,122740.15053636365
Cortland,2021,149602.9293727273
Allegany,2021,98186.3007390909
Delaware,2021,185548.07634545455
Wyoming,2021,153253.8524909091
Orleans,2021,137411.18099090908
Essex,2021,193967.4566090909
Seneca,2021,152841.19713636363
Schoharie,2021,175313.7516181818
Lewis,2021,148945.84108181816
Yates,2021,223661.00272727275
Schuyler,2021,181592.9436727273
Hamilton,2021,204964.33906363638
Kings,2022,839892.7880000002
Queens,2022,725545.8750909091
New York,2022,1350763.4912727273
Suffolk,2022,577123.1624272728
Bronx,2022,489735.83310909086
Nassau,2022,683652.3409545454
Westchester,2022,705687.2037545455
Erie,2022,233861.8283454545
Monroe,2022,211597.51319090909
Richmond,2022,647111.3768636364
Onondaga,2022,194172.82933636365
Orange,2022,375202.1658545454
Rockland,2022,594499.7491727272
Albany,2022,288884.38646363636
Dutchess,2022,398576.7781272727
Saratoga,2022,362291.96378181817
Oneida,2022,181084.93227272728
Niagara,2022,195275.1468636364
Broome,2022,144530.1575
Ulster,2022,355844.32266363635
Rensselaer,2022,257895.91150909086
Schenectady,2022,236034.61479999998
Chautauqua,2022,143977.59891818181
Oswego,2022,155104.2664636364
Jefferson,2022,181761.32750909092
Ontario,2022,242324.6025
Saint Lawrence,2022,120510.76994545455
Tompkins,2022,287043.32745454554
Putnam,2022,455929.66015454545
Steuben,2022,143855.4163909091
Wayne,2022,182251.80476363635
Chemung,2022,133133.05636363637
Clinton,2022,186678.75271818184
Sullivan,2022,259631.21095454544
Cattaraugus,2022,131285.21007272726
Cayuga,2022,175582.06000909096
Madison,2022,187888.78939090914
Warren,2022,293863.6964272728
Livingston,2022,187383.0159
Columbia,2022,386915.29474545456
Washington,2022,204941.39395454543
Herkimer,2022,152415.1914181818
Otsego,2022,178885.1136
Genesee,2022,176629.99014545453
Fulton,2022,176715.71766363634
Montgomery,2022,165707.36830909087
Tioga,2022,161920.23978181818
Greene,2022,311546.9493454545
Franklin,2022,157453.10114545454
Chenango,2022,137888.41267272725
Cortland,2022,164501.46166363635
Allegany,2022,110107.13589090909
Delaware,2022,213844.49440909087
Wyoming,2022,168853.0112090909
Orleans,2022,151541.86721818184
Essex,2022,222311.48545454547
Seneca,2022,170755.03364545453
Schoharie,2022,195994.13260909088
Lewis,2022,164344.76007272725
Yates,2022,248514.78190909093
Schuyler,2022,200085.83743636365
Hamilton,2022,236888.55111818181
Kings,2023,814314.5230272728
Queens,2023,689243.9944545454
New York,2023,1154261.8607272727
Suffolk,2023,589243.7415272727
Bronx,2023,435644.67973636364
Nassau,2023,698894.7147727273
Westchester,2023,728083.9828909091
Erie,2023,244822.06464545455
Monroe,2023,229494.49961818184
Richmond,2023,652344.1580818183
Onondaga,2023,211790.14872727272
Orange,2023,393025.00531818176
Rockland,2023,627302.1829363637
Albany,2023,303865.9340545455
Dutchess,2023,413771.5719818182
Saratoga,2023,379547.4725454545
Oneida,2023,188146.4053090909
Niagara,2023,204976.32790909093
Broome,2023,155263.78986363634
Ulster,2023,372852.4653636364
Rensselaer,2023,267229.39024545456
Schenectady,2023,248885.15009090913
Chautauqua,2023,149674.4542
Oswego,2023,161595.2365090909
Jefferson,2023,188830.2519
Ontario,2023,258919.98071818185
Saint Lawrence,2023,122889.46257272727
Tompkins,2023,301859.39988181816
Putnam,2023,476195.27502727264
Steuben,2023,148291.6519818182
Wayne,2023,195235.98648181817
Chemung,2023,138890.36822727273
Clinton,2023,193723.65738181816
Sullivan,2023,273293.73110909096
Cattaraugus,2023,135429.28161818182
Cayuga,2023,185080.64855454548
Madison,2023,198821.48233636364
Warren,2023,311111.188
Livingston,2023,198314.33566363633
Columbia,2023,402973.50390000007
Washington,2023,213807.2478181818
Herkimer,2023,159168.9402909091
Otsego,2023,186783.2421363636
Genesee,2023,182157.2418
Fulton,2023,180982.87738181817
Montgomery,2023,171469.73622727275
Tioga,2023,167054.37320909087
Greene,2023,319620.8408272728
Franklin,2023,161622.5185636364
Chenango,2023,139642.36205454546
Cortland,2023,171330.12011818183
Allegany,2023,109337.96070909091
Delaware,2023,216662.3629090909
Wyoming,2023,172030.59500909087
Orleans,2023,159338.29299090907
Essex,2023,243091.85514545452
Seneca,2023,178098.2575090909
Schoharie,2023,205202.52037272725
Lewis,2023,170335.11925454548
Yates,2023,257816.27936363636
Schuyler,2023,205615.32489999998
Hamilton,2023,240550.93265454547
Kings,2024,814564.6895999999
Queens,2024,676646.3191
New York,2024,1102537.0635
Suffolk,2024,615020.2762
Bronx,2024,426709.8919
Nassau,2024,724741.1725999999
Westchester,2024,751165.7912
Erie,2024,252976.08855
Monroe,2024,238830.7664
Richmond,2024,654942.3543499999
Onondaga,2024,223923.17969999998
Orange,2024,409122.8201
Rockland,2024,661001.58505
Albany,2024,313966.4417
Dutchess,2024,426224.5692
Saratoga,2024,390091.12795
Oneida,2024,194520.99675
Niagara,2024,210413.2571
Broome,2024,163124.24949999998
Ulster,2024,387288.18114999996
Rensselaer,2024,273733.39214999997
Schenectady,2024,256722.28824999998
Chautauqua,2024,153135.42465
Oswego,2024,168074.2464
Jefferson,2024,194988.60220000002
Ontario,2024,266875.86975
Saint Lawrence,2024,127220.02840000001
Tompkins,2024,312497.4088
Putnam,2024,496663.0958
Steuben,2024,149901.96344999998
Wayne,2024,202893.52045
Chemung,2024,140979.16335
Clinton,2024,198664.9223
Sullivan,2024,282182.311
Cattaraugus,2024,138278.2518
Cayuga,2024,192437.38254999998
Madison,2024,205960.22415
Warren,2024,321350.73919999995
Livingston,2024,205146.8977
Columbia,2024,408724.34195000003
Washington,2024,220737.0281
Herkimer,2024,164727.7708
Otsego,2024,191460.35804999998
Genesee,2024,188079.9405
Fulton,2024,186579.995
Montgomery,2024,178598.2159
Tioga,2024,170643.2788
Greene,2024,327765.6752
Franklin,2024,159826.58375
Chenango,2024,142251.76085
Cortland,2024,175118.24355
Allegany,2024,111245.23235
Delaware,2024,219738.2625
Wyoming,2024,176383.13545
Orleans,2024,165377.66955
Essex,2024,254648.8985
Seneca,2024,183195.13079999998
Schoharie,2024,213297.87115000002
Lewis,2024,174722.7515
Yates,2024,263987.0132
Schuyler,2024,207943.43695
Hamilton,2024,244323.4633
