FIPS_Code,State,County/Region,Year,Employed,Unemployed,Unemployment_rate
24001,MD,Allegany,2000,"30,932","1,929",5.9
24001,MD,Allegany,2001,"30,951","2,171",6.6
24001,MD,Allegany,2002,"31,260","2,222",6.6
24001,MD,Allegany,2003,"32,452","2,232",6.4
24001,MD,Allegany,2004,"32,770","2,310",6.6
24001,MD,Allegany,2005,"33,124","2,340",6.6
24001,MD,Allegany,2006,"33,317","2,158",6.1
24001,MD,Allegany,2007,"33,262","1,928",5.5
24001,MD,Allegany,2008,"33,521","2,147",6.0
24001,MD,Allegany,2009,"33,109","3,345",9.2
24001,MD,Allegany,2010,"31,189","3,288",9.5
24001,MD,Allegany,2011,"30,990","3,112",9.1
24001,MD,Allegany,2012,"30,875","2,975",8.8
24001,MD,Allegany,2013,"30,785","2,829",8.4
24001,MD,Allegany,2014,"30,763","2,489",7.5
24001,MD,Allegany,2015,"30,051","2,209",6.8
24001,MD,Allegany,2016,"30,416","1,949",6.0
24001,MD,Allegany,2017,"30,836","1,807",5.5
24001,MD,Allegany,2018,"30,916","1,740",5.3
24001,MD,Allegany,2019,"31,254","1,622",4.9
24001,MD,Allegany,2020,"29,105","2,357",7.5
24001,MD,Allegany,2021,"28,777","1,817",5.9
24001,MD,Allegany,2022,"29,849","1,253",4.0
24003,MD,Anne Arundel,2000,"259,292","8,013",3.0
24003,MD,Anne Arundel,2001,"261,010","9,705",3.6
24003,MD,Anne Arundel,2002,"261,382","11,451",4.2
24003,MD,Anne Arundel,2003,"259,619","11,141",4.1
24003,MD,Anne Arundel,2004,"259,765","10,866",4.0
24003,MD,Anne Arundel,2005,"264,459","10,510",3.8
24003,MD,Anne Arundel,2006,"269,707","10,065",3.6
24003,MD,Anne Arundel,2007,"272,510","9,078",3.2
24003,MD,Anne Arundel,2008,"274,099","11,390",4.0
24003,MD,Anne Arundel,2009,"268,328","19,786",6.9
24003,MD,Anne Arundel,2010,"266,214","20,259",7.1
24003,MD,Anne Arundel,2011,"270,942","18,464",6.4
24003,MD,Anne Arundel,2012,"276,469","17,410",5.9
24003,MD,Anne Arundel,2013,"279,785","16,749",5.6
24003,MD,Anne Arundel,2014,"282,564","14,839",5.0
24003,MD,Anne Arundel,2015,"287,823","12,976",4.3
24003,MD,Anne Arundel,2016,"292,085","11,149",3.7
24003,MD,Anne Arundel,2017,"302,969","10,716",3.4
24003,MD,Anne Arundel,2018,"308,544","10,282",3.2
24003,MD,Anne Arundel,2019,"318,030","9,448",2.9
24003,MD,Anne Arundel,2020,"300,973","17,764",5.6
24003,MD,Anne Arundel,2021,"299,102","13,722",4.4
24003,MD,Anne Arundel,2022,"304,493","8,892",2.8
24005,MD,Baltimore,2000,"392,949","15,005",3.7
24005,MD,Baltimore,2001,"394,321","17,759",4.3
24005,MD,Baltimore,2002,"394,366","20,477",4.9
24005,MD,Baltimore,2003,"392,867","20,966",5.1
24005,MD,Baltimore,2004,"393,167","19,835",4.8
24005,MD,Baltimore,2005,"400,813","19,504",4.6
24005,MD,Baltimore,2006,"410,696","18,226",4.2
24005,MD,Baltimore,2007,"413,498","16,316",3.8
24005,MD,Baltimore,2008,"413,616","20,275",4.7
24005,MD,Baltimore,2009,"400,495","34,811",8.0
24005,MD,Baltimore,2010,"395,705","36,406",8.4
24005,MD,Baltimore,2011,"401,906","33,772",7.8
24005,MD,Baltimore,2012,"408,491","31,921",7.2
24005,MD,Baltimore,2013,"411,999","30,143",6.8
24005,MD,Baltimore,2014,"414,836","26,484",6.0
24005,MD,Baltimore,2015,"421,631","23,076",5.2
24005,MD,Baltimore,2016,"424,736","19,947",4.5
24005,MD,Baltimore,2017,"437,550","18,982",4.2
24005,MD,Baltimore,2018,"441,260","17,904",3.9
24005,MD,Baltimore,2019,"451,794","16,349",3.5
24005,MD,Baltimore,2020,"424,267","29,779",6.6
24005,MD,Baltimore,2021,"421,591","23,252",5.2
24005,MD,Baltimore,2022,"429,164","14,672",3.3
24009,MD,Calvert,2000,"39,130","1,203",3.0
24009,MD,Calvert,2001,"39,753","1,365",3.3
24009,MD,Calvert,2002,"41,158","1,590",3.7
24009,MD,Calvert,2003,"42,685","1,667",3.8
24009,MD,Calvert,2004,"43,409","1,669",3.7
24009,MD,Calvert,2005,"44,389","1,706",3.7
24009,MD,Calvert,2006,"45,730","1,609",3.4
24009,MD,Calvert,2007,"46,452","1,447",3.0
24009,MD,Calvert,2008,"47,401","1,809",3.7
24009,MD,Calvert,2009,"46,058","3,106",6.3
24009,MD,Calvert,2010,"44,522","3,379",7.1
24009,MD,Calvert,2011,"44,595","3,135",6.6
24009,MD,Calvert,2012,"44,781","2,951",6.2
24009,MD,Calvert,2013,"44,952","2,805",5.9
24009,MD,Calvert,2014,"44,735","2,477",5.2
24009,MD,Calvert,2015,"44,875","2,118",4.5
24009,MD,Calvert,2016,"46,930","1,820",3.7
24009,MD,Calvert,2017,"48,289","1,746",3.5
24009,MD,Calvert,2018,"48,881","1,733",3.4
24009,MD,Calvert,2019,"50,214","1,546",3.0
24009,MD,Calvert,2020,"47,420","2,493",5.0
24009,MD,Calvert,2021,"46,746","2,068",4.2
24009,MD,Calvert,2022,"47,891","1,455",2.9
24011,MD,Caroline,2000,"14,798",548,3.6
24011,MD,Caroline,2001,"14,762",744,4.8
24011,MD,Caroline,2002,"15,102",779,4.9
24011,MD,Caroline,2003,"14,746",868,5.6
24011,MD,Caroline,2004,"15,139",814,5.1
24011,MD,Caroline,2005,"15,444",769,4.7
24011,MD,Caroline,2006,"15,417",762,4.7
24011,MD,Caroline,2007,"15,587",726,4.5
24011,MD,Caroline,2008,"15,680",944,5.7
24011,MD,Caroline,2009,"14,954","1,605",9.7
24011,MD,Caroline,2010,"15,803","1,656",9.5
24011,MD,Caroline,2011,"15,967","1,526",8.7
24011,MD,Caroline,2012,"16,272","1,345",7.6
24011,MD,Caroline,2013,"16,464","1,214",6.9
24011,MD,Caroline,2014,"16,332","1,074",6.2
24011,MD,Caroline,2015,"16,525",935,5.4
24011,MD,Caroline,2016,"16,830",813,4.6
24011,MD,Caroline,2017,"17,466",749,4.1
24011,MD,Caroline,2018,"17,867",683,3.7
24011,MD,Caroline,2019,"18,087",636,3.4
24011,MD,Caroline,2020,"16,818",953,5.4
24011,MD,Caroline,2021,"16,332",768,4.5
24011,MD,Caroline,2022,"16,581",526,3.1
24013,MD,Carroll,2000,"81,396","2,470",2.9
24013,MD,Carroll,2001,"82,674","2,850",3.3
24013,MD,Carroll,2002,"84,411","3,385",3.9
24013,MD,Carroll,2003,"85,460","3,473",3.9
24013,MD,Carroll,2004,"86,535","3,380",3.8
24013,MD,Carroll,2005,"88,743","3,312",3.6
24013,MD,Carroll,2006,"91,711","3,242",3.4
24013,MD,Carroll,2007,"91,585","2,979",3.2
24013,MD,Carroll,2008,"92,077","3,733",3.9
24013,MD,Carroll,2009,"89,068","6,624",6.9
24013,MD,Carroll,2010,"86,236","6,495",7.0
24013,MD,Carroll,2011,"87,107","5,757",6.2
24013,MD,Carroll,2012,"87,885","5,434",5.8
24013,MD,Carroll,2013,"87,988","5,066",5.4
24013,MD,Carroll,2014,"88,185","4,385",4.7
24013,MD,Carroll,2015,"89,165","3,849",4.1
24013,MD,Carroll,2016,"89,753","3,262",3.5
24013,MD,Carroll,2017,"92,385","3,107",3.3
24013,MD,Carroll,2018,"94,005","3,038",3.1
24013,MD,Carroll,2019,"96,144","2,725",2.8
24013,MD,Carroll,2020,"90,766","4,654",4.9
24013,MD,Carroll,2021,"90,301","3,636",3.9
24013,MD,Carroll,2022,"92,067","2,511",2.7
24015,MD,Cecil,2000,"44,136","1,598",3.5
24015,MD,Cecil,2001,"44,384","1,881",4.1
24015,MD,Cecil,2002,"44,755","2,263",4.8
24015,MD,Cecil,2003,"45,177","2,642",5.5
24015,MD,Cecil,2004,"46,252","2,294",4.7
24015,MD,Cecil,2005,"47,365","2,489",5.0
24015,MD,Cecil,2006,"48,593","2,406",4.7
24015,MD,Cecil,2007,"48,768","2,095",4.1
24015,MD,Cecil,2008,"48,575","2,780",5.4
24015,MD,Cecil,2009,"46,401","5,027",9.8
24015,MD,Cecil,2010,"47,005","5,077",9.7
24015,MD,Cecil,2011,"47,454","4,667",9.0
24015,MD,Cecil,2012,"47,630","4,268",8.2
24015,MD,Cecil,2013,"48,243","3,992",7.6
24015,MD,Cecil,2014,"49,013","3,407",6.5
24015,MD,Cecil,2015,"49,457","3,088",5.9
24015,MD,Cecil,2016,"49,912","2,652",5.0
24015,MD,Cecil,2017,"51,100","2,466",4.6
24015,MD,Cecil,2018,"51,479","2,296",4.3
24015,MD,Cecil,2019,"52,889","2,061",3.8
24015,MD,Cecil,2020,"50,659","3,044",5.7
24015,MD,Cecil,2021,"50,197","2,532",4.8
24015,MD,Cecil,2022,"51,972","1,789",3.3
24017,MD,Charles,2000,"63,161","1,905",2.9
24017,MD,Charles,2001,"64,003","2,185",3.3
24017,MD,Charles,2002,"65,284","2,559",3.8
24017,MD,Charles,2003,"67,192","2,593",3.7
24017,MD,Charles,2004,"68,310","2,609",3.7
24017,MD,Charles,2005,"70,131","2,701",3.7
24017,MD,Charles,2006,"72,358","2,551",3.4
24017,MD,Charles,2007,"73,999","2,377",3.1
24017,MD,Charles,2008,"75,276","2,999",3.8
24017,MD,Charles,2009,"73,478","4,957",6.3
24017,MD,Charles,2010,"72,775","5,562",7.1
24017,MD,Charles,2011,"73,669","5,356",6.8
24017,MD,Charles,2012,"74,359","5,235",6.6
24017,MD,Charles,2013,"75,103","5,144",6.4
24017,MD,Charles,2014,"75,591","4,535",5.7
24017,MD,Charles,2015,"76,540","3,931",4.9
24017,MD,Charles,2016,"80,379","3,433",4.1
24017,MD,Charles,2017,"83,476","3,326",3.8
24017,MD,Charles,2018,"84,885","3,284",3.7
24017,MD,Charles,2019,"87,656","3,118",3.4
24017,MD,Charles,2020,"82,869","5,673",6.4
24017,MD,Charles,2021,"81,629","4,539",5.3
24017,MD,Charles,2022,"83,670","2,876",3.3
24019,MD,Dorchester,2000,"14,783",789,5.1
24019,MD,Dorchester,2001,"14,988","1,049",6.5
24019,MD,Dorchester,2002,"15,250","1,144",7.0
24019,MD,Dorchester,2003,"15,140","1,209",7.4
24019,MD,Dorchester,2004,"15,957","1,075",6.3
24019,MD,Dorchester,2005,"16,055","1,004",5.9
24019,MD,Dorchester,2006,"15,861","1,043",6.2
24019,MD,Dorchester,2007,"15,758","1,041",6.2
24019,MD,Dorchester,2008,"15,607","1,202",7.2
24019,MD,Dorchester,2009,"15,069","1,948",11.4
24019,MD,Dorchester,2010,"14,657","1,929",11.6
24019,MD,Dorchester,2011,"14,679","1,855",11.2
24019,MD,Dorchester,2012,"14,441","1,730",10.7
24019,MD,Dorchester,2013,"14,405","1,544",9.7
24019,MD,Dorchester,2014,"14,470","1,305",8.3
24019,MD,Dorchester,2015,"14,680","1,110",7.0
24019,MD,Dorchester,2016,"14,911",952,6.0
24019,MD,Dorchester,2017,"14,974",870,5.5
24019,MD,Dorchester,2018,"15,024",793,5.0
24019,MD,Dorchester,2019,"15,745",723,4.4
24019,MD,Dorchester,2020,"15,564","1,049",6.3
24019,MD,Dorchester,2021,"15,097",845,5.3
24019,MD,Dorchester,2022,"15,408",575,3.6
24021,MD,Frederick,2000,"106,576","2,941",2.7
24021,MD,Frederick,2001,"108,130","3,675",3.3
24021,MD,Frederick,2002,"110,753","4,261",3.7
24021,MD,Frederick,2003,"112,187","4,356",3.7
24021,MD,Frederick,2004,"113,453","4,232",3.6
24021,MD,Frederick,2005,"116,423","4,107",3.4
24021,MD,Frederick,2006,"119,363","4,196",3.4
24021,MD,Frederick,2007,"120,589","3,846",3.1
24021,MD,Frederick,2008,"119,634","4,792",3.9
24021,MD,Frederick,2009,"116,310","8,460",6.8
24021,MD,Frederick,2010,"119,018","9,082",7.1
24021,MD,Frederick,2011,"120,249","8,366",6.5
24021,MD,Frederick,2012,"120,933","7,748",6.0
24021,MD,Frederick,2013,"121,130","7,317",5.7
24021,MD,Frederick,2014,"121,643","6,378",5.0
24021,MD,Frederick,2015,"122,837","5,636",4.4
24021,MD,Frederick,2016,"123,692","4,841",3.8
24021,MD,Frederick,2017,"127,973","4,659",3.5
24021,MD,Frederick,2018,"131,476","4,589",3.4
24021,MD,Frederick,2019,"136,461","4,202",3.0
24021,MD,Frederick,2020,"130,318","7,790",5.6
24021,MD,Frederick,2021,"128,703","5,989",4.4
24021,MD,Frederick,2022,"131,997","4,013",3.0
24023,MD,Garrett,2000,"13,755",746,5.1
24023,MD,Garrett,2001,"14,101",827,5.5
24023,MD,Garrett,2002,"14,641",907,5.8
24023,MD,Garrett,2003,"14,697",875,5.6
24023,MD,Garrett,2004,"15,348",859,5.3
24023,MD,Garrett,2005,"15,705",864,5.2
24023,MD,Garrett,2006,"16,010",883,5.2
24023,MD,Garrett,2007,"16,004",790,4.7
24023,MD,Garrett,2008,"16,067",875,5.2
24023,MD,Garrett,2009,"15,506","1,416",8.4
24023,MD,Garrett,2010,"14,397","1,442",9.1
24023,MD,Garrett,2011,"14,477","1,344",8.5
24023,MD,Garrett,2012,"14,538","1,295",8.2
24023,MD,Garrett,2013,"14,485","1,256",8.0
24023,MD,Garrett,2014,"14,440","1,094",7.0
24023,MD,Garrett,2015,"14,660",967,6.2
24023,MD,Garrett,2016,"14,635",848,5.5
24023,MD,Garrett,2017,"14,916",783,5.0
24023,MD,Garrett,2018,"15,101",729,4.6
24023,MD,Garrett,2019,"15,619",675,4.1
24023,MD,Garrett,2020,"14,665",999,6.4
24023,MD,Garrett,2021,"14,488",748,4.9
24023,MD,Garrett,2022,"14,466",517,3.5
24025,MD,Harford,2000,"115,914","3,859",3.2
24025,MD,Harford,2001,"117,040","4,681",3.8
24025,MD,Harford,2002,"118,427","5,641",4.5
24025,MD,Harford,2003,"119,288","5,821",4.7
24025,MD,Harford,2004,"120,312","5,479",4.4
24025,MD,Harford,2005,"123,937","5,542",4.3
24025,MD,Harford,2006,"127,923","5,197",3.9
24025,MD,Harford,2007,"127,782","4,752",3.6
24025,MD,Harford,2008,"128,560","5,852",4.4
24025,MD,Harford,2009,"124,934","10,407",7.7
24025,MD,Harford,2010,"122,387","10,620",8.0
24025,MD,Harford,2011,"124,122","9,753",7.3
24025,MD,Harford,2012,"126,328","9,290",6.9
24025,MD,Harford,2013,"126,915","8,759",6.5
24025,MD,Harford,2014,"127,649","7,570",5.6
24025,MD,Harford,2015,"129,254","6,553",4.8
24025,MD,Harford,2016,"130,653","5,546",4.1
24025,MD,Harford,2017,"134,920","5,236",3.7
24025,MD,Harford,2018,"137,596","4,975",3.5
24025,MD,Harford,2019,"141,813","4,602",3.1
24025,MD,Harford,2020,"134,078","7,854",5.5
24025,MD,Harford,2021,"133,211","6,171",4.4
24025,MD,Harford,2022,"135,697","4,150",3.0
24027,MD,Howard,2000,"140,894","3,604",2.5
24027,MD,Howard,2001,"143,489","4,663",3.1
24027,MD,Howard,2002,"144,728","5,578",3.7
24027,MD,Howard,2003,"145,108","5,429",3.6
24027,MD,Howard,2004,"145,696","5,298",3.5
24027,MD,Howard,2005,"149,217","5,181",3.4
24027,MD,Howard,2006,"154,345","4,907",3.1
24027,MD,Howard,2007,"155,775","4,352",2.7
24027,MD,Howard,2008,"157,247","5,304",3.3
24027,MD,Howard,2009,"155,243","9,210",5.6
24027,MD,Howard,2010,"151,535","9,280",5.8
24027,MD,Howard,2011,"155,375","8,604",5.2
24027,MD,Howard,2012,"160,013","8,325",4.9
24027,MD,Howard,2013,"163,135","8,189",4.8
24027,MD,Howard,2014,"165,997","7,388",4.3
24027,MD,Howard,2015,"170,079","6,605",3.7
24027,MD,Howard,2016,"173,421","5,699",3.2
24027,MD,Howard,2017,"180,542","5,597",3.0
24027,MD,Howard,2018,"184,187","5,509",2.9
24027,MD,Howard,2019,"190,301","5,060",2.6
24027,MD,Howard,2020,"180,388","9,391",4.9
24027,MD,Howard,2021,"179,263","7,501",4.0
24027,MD,Howard,2022,"182,454","4,928",2.6
24029,MD,Kent,2000,"9,671",385,3.8
24029,MD,Kent,2001,"9,944",441,4.2
24029,MD,Kent,2002,"10,298",516,4.8
24029,MD,Kent,2003,"9,709",547,5.3
24029,MD,Kent,2004,"10,243",499,4.6
24029,MD,Kent,2005,"10,448",497,4.5
24029,MD,Kent,2006,"10,616",465,4.2
24029,MD,Kent,2007,"10,775",423,3.8
24029,MD,Kent,2008,"10,561",564,5.1
24029,MD,Kent,2009,"10,058",896,8.2
24029,MD,Kent,2010,"9,688",965,9.1
24029,MD,Kent,2011,"9,895",880,8.2
24029,MD,Kent,2012,"9,833",801,7.5
24029,MD,Kent,2013,"9,609",737,7.1
24029,MD,Kent,2014,"9,688",656,6.3
24029,MD,Kent,2015,"10,015",553,5.2
24029,MD,Kent,2016,"9,750",480,4.7
24029,MD,Kent,2017,"9,922",442,4.3
24029,MD,Kent,2018,"10,070",440,4.2
24029,MD,Kent,2019,"10,078",396,3.8
24029,MD,Kent,2020,"9,246",626,6.3
24029,MD,Kent,2021,"9,037",487,5.1
24029,MD,Kent,2022,"9,384",350,3.6
24031,MD,Montgomery,2000,"474,624","12,691",2.6
24031,MD,Montgomery,2001,"475,953","15,730",3.2
24031,MD,Montgomery,2002,"479,111","18,546",3.7
24031,MD,Montgomery,2003,"479,960","17,752",3.6
24031,MD,Montgomery,2004,"479,611","17,150",3.5
24031,MD,Montgomery,2005,"488,059","17,108",3.4
24031,MD,Montgomery,2006,"497,787","15,933",3.1
24031,MD,Montgomery,2007,"498,244","14,482",2.8
24031,MD,Montgomery,2008,"502,576","17,491",3.4
24031,MD,Montgomery,2009,"494,416","30,213",5.8
24031,MD,Montgomery,2010,"502,458","30,698",5.8
24031,MD,Montgomery,2011,"508,359","28,588",5.3
24031,MD,Montgomery,2012,"513,193","27,617",5.1
24031,MD,Montgomery,2013,"516,469","26,665",4.9
24031,MD,Montgomery,2014,"520,698","23,573",4.3
24031,MD,Montgomery,2015,"526,310","20,919",3.8
24031,MD,Montgomery,2016,"526,510","18,139",3.3
24031,MD,Montgomery,2017,"543,489","17,881",3.2
24031,MD,Montgomery,2018,"548,536","17,349",3.1
24031,MD,Montgomery,2019,"560,710","16,060",2.8
24031,MD,Montgomery,2020,"525,071","33,966",6.1
24031,MD,Montgomery,2021,"518,901","27,658",5.1
24031,MD,Montgomery,2022,"530,944","15,869",2.9
24033,MD,Prince George's,2000,"413,166","15,675",3.7
24033,MD,Prince George's,2001,"413,286","18,882",4.4
24033,MD,Prince George's,2002,"415,586","22,819",5.2
24033,MD,Prince George's,2003,"418,766","22,248",5.0
24033,MD,Prince George's,2004,"418,279","21,246",4.8
24033,MD,Prince George's,2005,"422,016","21,515",4.9
24033,MD,Prince George's,2006,"428,023","20,081",4.5
24033,MD,Prince George's,2007,"431,117","17,303",3.9
24033,MD,Prince George's,2008,"433,384","20,897",4.6
24033,MD,Prince George's,2009,"425,672","34,464",7.5
24033,MD,Prince George's,2010,"443,412","36,978",7.7
24033,MD,Prince George's,2011,"446,690","36,404",7.5
24033,MD,Prince George's,2012,"450,330","34,885",7.2
24033,MD,Prince George's,2013,"452,620","33,321",6.9
24033,MD,Prince George's,2014,"457,128","29,028",6.0
24033,MD,Prince George's,2015,"461,301","25,017",5.1
24033,MD,Prince George's,2016,"478,398","21,462",4.3
24033,MD,Prince George's,2017,"493,342","20,650",4.0
24033,MD,Prince George's,2018,"494,574","20,306",3.9
24033,MD,Prince George's,2019,"505,219","18,669",3.6
24033,MD,Prince George's,2020,"474,418","40,410",7.8
24033,MD,Prince George's,2021,"467,541","33,897",6.8
24033,MD,Prince George's,2022,"479,080","17,557",3.5
24035,MD,Queen Anne's,2000,"21,992",688,3.0
24035,MD,Queen Anne's,2001,"22,259",819,3.5
24035,MD,Queen Anne's,2002,"22,797",921,3.9
24035,MD,Queen Anne's,2003,"23,216",990,4.1
24035,MD,Queen Anne's,2004,"23,480",945,3.9
24035,MD,Queen Anne's,2005,"24,129",954,3.8
24035,MD,Queen Anne's,2006,"25,025",942,3.6
24035,MD,Queen Anne's,2007,"25,324",874,3.3
24035,MD,Queen Anne's,2008,"25,724","1,148",4.3
24035,MD,Queen Anne's,2009,"25,231","1,957",7.2
24035,MD,Queen Anne's,2010,"24,220","1,961",7.5
24035,MD,Queen Anne's,2011,"24,790","1,826",6.9
24035,MD,Queen Anne's,2012,"25,078","1,668",6.2
24035,MD,Queen Anne's,2013,"24,932","1,533",5.8
24035,MD,Queen Anne's,2014,"25,040","1,324",5.0
24035,MD,Queen Anne's,2015,"25,434","1,178",4.4
24035,MD,Queen Anne's,2016,"25,564","1,003",3.8
24035,MD,Queen Anne's,2017,"26,759",975,3.5
24035,MD,Queen Anne's,2018,"27,405",915,3.2
24035,MD,Queen Anne's,2019,"28,003",845,2.9
24035,MD,Queen Anne's,2020,"26,743","1,472",5.2
24035,MD,Queen Anne's,2021,"26,657","1,124",4.0
24035,MD,Queen Anne's,2022,"27,231",774,2.8
24037,MD,St. Mary's,2000,"42,880","1,425",3.2
24037,MD,St. Mary's,2001,"43,957","1,587",3.5
24037,MD,St. Mary's,2002,"45,663","1,846",3.9
24037,MD,St. Mary's,2003,"46,714","1,814",3.7
24037,MD,St. Mary's,2004,"47,221","1,810",3.7
24037,MD,St. Mary's,2005,"47,354","1,889",3.8
24037,MD,St. Mary's,2006,"48,953","1,850",3.6
24037,MD,St. Mary's,2007,"49,495","1,623",3.2
24037,MD,St. Mary's,2008,"50,511","2,017",3.8
24037,MD,St. Mary's,2009,"50,720","3,258",6.0
24037,MD,St. Mary's,2010,"50,089","3,604",6.7
24037,MD,St. Mary's,2011,"50,823","3,460",6.4
24037,MD,St. Mary's,2012,"51,177","3,344",6.1
24037,MD,St. Mary's,2013,"51,049","3,209",5.9
24037,MD,St. Mary's,2014,"51,200","2,862",5.3
24037,MD,St. Mary's,2015,"51,964","2,598",4.8
24037,MD,St. Mary's,2016,"52,486","2,244",4.1
24037,MD,St. Mary's,2017,"53,692","2,136",3.8
24037,MD,St. Mary's,2018,"54,664","2,086",3.7
24037,MD,St. Mary's,2019,"56,565","1,854",3.2
24037,MD,St. Mary's,2020,"56,020","2,727",4.6
24037,MD,St. Mary's,2021,"55,967","2,388",4.1
24037,MD,St. Mary's,2022,"55,891","1,771",3.1
24039,MD,Somerset,2000,"9,792",645,6.2
24039,MD,Somerset,2001,"10,111",754,6.9
24039,MD,Somerset,2002,"10,328",799,7.2
24039,MD,Somerset,2003,"10,221",776,7.1
24039,MD,Somerset,2004,"10,515",790,7.0
24039,MD,Somerset,2005,"10,731",752,6.5
24039,MD,Somerset,2006,"10,687",677,6.0
24039,MD,Somerset,2007,"10,612",645,5.7
24039,MD,Somerset,2008,"10,607",769,6.8
24039,MD,Somerset,2009,"10,050","1,139",10.2
24039,MD,Somerset,2010,"8,744","1,208",12.1
24039,MD,Somerset,2011,"8,716","1,165",11.8
24039,MD,Somerset,2012,"8,655","1,082",11.1
24039,MD,Somerset,2013,"8,558","1,015",10.6
24039,MD,Somerset,2014,"8,407",864,9.3
24039,MD,Somerset,2015,"8,470",745,8.1
24039,MD,Somerset,2016,"8,573",646,7.0
24039,MD,Somerset,2017,"8,778",621,6.6
24039,MD,Somerset,2018,"8,741",636,6.8
24039,MD,Somerset,2019,"8,763",548,5.9
24039,MD,Somerset,2020,"8,040",711,8.1
24039,MD,Somerset,2021,"8,247",615,6.9
24039,MD,Somerset,2022,"8,588",431,4.8
24041,MD,Talbot,2000,"16,921",579,3.3
24041,MD,Talbot,2001,"17,428",665,3.7
24041,MD,Talbot,2002,"17,901",756,4.1
24041,MD,Talbot,2003,"17,712",865,4.7
24041,MD,Talbot,2004,"17,835",828,4.4
24041,MD,Talbot,2005,"18,161",803,4.2
24041,MD,Talbot,2006,"18,332",738,3.9
24041,MD,Talbot,2007,"18,299",686,3.6
24041,MD,Talbot,2008,"18,517",861,4.4
24041,MD,Talbot,2009,"17,347","1,470",7.8
24041,MD,Talbot,2010,"17,849","1,587",8.2
24041,MD,Talbot,2011,"17,994","1,463",7.5
24041,MD,Talbot,2012,"18,042","1,378",7.1
24041,MD,Talbot,2013,"17,941","1,217",6.4
24041,MD,Talbot,2014,"18,089","1,029",5.4
24041,MD,Talbot,2015,"18,331",928,4.8
24041,MD,Talbot,2016,"18,727",790,4.0
24041,MD,Talbot,2017,"19,208",760,3.8
24041,MD,Talbot,2018,"19,317",722,3.6
24041,MD,Talbot,2019,"19,013",644,3.3
24041,MD,Talbot,2020,"17,001","1,050",5.8
24041,MD,Talbot,2021,"16,460",862,5.0
24041,MD,Talbot,2022,"16,895",588,3.4
24043,MD,Washington,2000,"63,693","2,394",3.6
24043,MD,Washington,2001,"63,905","3,079",4.6
24043,MD,Washington,2002,"64,385","3,568",5.3
24043,MD,Washington,2003,"63,692","3,574",5.3
24043,MD,Washington,2004,"63,423","3,251",4.9
24043,MD,Washington,2005,"64,735","3,240",4.8
24043,MD,Washington,2006,"65,497","3,316",4.8
24043,MD,Washington,2007,"65,332","3,201",4.7
24043,MD,Washington,2008,"64,286","4,030",5.9
24043,MD,Washington,2009,"61,653","7,180",10.4
24043,MD,Washington,2010,"68,493","7,437",9.8
24043,MD,Washington,2011,"69,745","6,754",8.8
24043,MD,Washington,2012,"71,224","5,959",7.7
24043,MD,Washington,2013,"71,601","5,608",7.3
24043,MD,Washington,2014,"71,498","4,869",6.4
24043,MD,Washington,2015,"72,415","4,219",5.5
24043,MD,Washington,2016,"71,575","3,725",4.9
24043,MD,Washington,2017,"72,847","3,408",4.5
24043,MD,Washington,2018,"72,774","3,226",4.2
24043,MD,Washington,2019,"73,512","2,823",3.7
24043,MD,Washington,2020,"68,454","4,816",6.6
24043,MD,Washington,2021,"68,793","3,599",5.0
24043,MD,Washington,2022,"69,875","2,401",3.3
24045,MD,Wicomico,2000,"44,279","1,905",4.1
24045,MD,Wicomico,2001,"45,074","2,338",4.9
24045,MD,Wicomico,2002,"45,972","2,506",5.2
24045,MD,Wicomico,2003,"46,053","2,506",5.2
24045,MD,Wicomico,2004,"47,640","2,385",4.8
24045,MD,Wicomico,2005,"49,447","2,385",4.6
24045,MD,Wicomico,2006,"50,248","2,310",4.4
24045,MD,Wicomico,2007,"50,299","2,194",4.2
24045,MD,Wicomico,2008,"50,317","2,923",5.5
24045,MD,Wicomico,2009,"48,053","4,748",9.0
24045,MD,Wicomico,2010,"45,440","5,011",9.9
24045,MD,Wicomico,2011,"45,559","4,999",9.9
24045,MD,Wicomico,2012,"45,799","4,681",9.3
24045,MD,Wicomico,2013,"45,800","4,321",8.6
24045,MD,Wicomico,2014,"46,230","3,820",7.6
24045,MD,Wicomico,2015,"46,839","3,343",6.7
24045,MD,Wicomico,2016,"47,331","3,028",6.0
24045,MD,Wicomico,2017,"48,660","2,830",5.5
24045,MD,Wicomico,2018,"49,111","2,659",5.1
24045,MD,Wicomico,2019,"50,039","2,330",4.4
24045,MD,Wicomico,2020,"46,387","3,624",7.2
24045,MD,Wicomico,2021,"47,474","2,832",5.6
24045,MD,Wicomico,2022,"49,104","1,965",3.8
24047,MD,Worcester,2000,"24,387","1,576",6.1
24047,MD,Worcester,2001,"25,159","1,829",6.8
24047,MD,Worcester,2002,"26,415","1,910",6.7
24047,MD,Worcester,2003,"25,878","1,950",7.0
24047,MD,Worcester,2004,"25,457","2,016",7.3
24047,MD,Worcester,2005,"25,854","1,993",7.2
24047,MD,Worcester,2006,"26,620","1,848",6.5
24047,MD,Worcester,2007,"25,975","1,737",6.3
24047,MD,Worcester,2008,"25,738","2,150",7.7
24047,MD,Worcester,2009,"24,778","3,293",11.7
24047,MD,Worcester,2010,"22,894","3,635",13.7
24047,MD,Worcester,2011,"22,718","3,660",13.9
24047,MD,Worcester,2012,"22,776","3,332",12.8
24047,MD,Worcester,2013,"22,663","3,225",12.5
24047,MD,Worcester,2014,"22,722","2,918",11.4
24047,MD,Worcester,2015,"22,784","2,639",10.4
24047,MD,Worcester,2016,"22,900","2,258",9.0
24047,MD,Worcester,2017,"23,592","2,117",8.2
24047,MD,Worcester,2018,"23,843","2,036",7.9
24047,MD,Worcester,2019,"24,377","1,850",7.1
24047,MD,Worcester,2020,"22,582","2,774",10.9
24047,MD,Worcester,2021,"23,123","1,879",7.5
24047,MD,Worcester,2022,"23,919","1,266",5.0
24510,MD,Baltimore city,2000,"263,314","16,388",5.9
24510,MD,Baltimore city,2001,"260,764","19,161",6.8
24510,MD,Baltimore city,2002,"255,005","20,944",7.6
24510,MD,Baltimore city,2003,"254,428","21,768",7.9
24510,MD,Baltimore city,2004,"252,369","21,285",7.8
24510,MD,Baltimore city,2005,"253,221","20,454",7.5
24510,MD,Baltimore city,2006,"257,232","18,991",6.9
24510,MD,Baltimore city,2007,"260,952","16,428",5.9
24510,MD,Baltimore city,2008,"261,928","19,474",6.9
24510,MD,Baltimore city,2009,"252,468","31,152",11.0
24510,MD,Baltimore city,2010,"262,216","33,864",11.4
24510,MD,Baltimore city,2011,"264,036","31,533",10.7
24510,MD,Baltimore city,2012,"267,396","29,757",10.0
24510,MD,Baltimore city,2013,"267,999","28,423",9.6
24510,MD,Baltimore city,2014,"268,993","24,739",8.4
24510,MD,Baltimore city,2015,"271,643","21,715",7.4
24510,MD,Baltimore city,2016,"270,665","18,406",6.4
24510,MD,Baltimore city,2017,"276,896","17,453",5.9
24510,MD,Baltimore city,2018,"276,229","16,221",5.5
24510,MD,Baltimore city,2019,"279,032","14,264",4.9
24510,MD,Baltimore city,2020,"259,179","24,078",8.5
24510,MD,Baltimore city,2021,"257,430","19,295",7.0
24510,MD,Baltimore city,2022,"262,081","11,682",4.3
36001,NY,Albany,2000,"149,260","5,129",3.3
36001,NY,Albany,2001,"149,607","5,183",3.3
36001,NY,Albany,2002,"151,424","6,264",4.0
36001,NY,Albany,2003,"150,958","6,774",4.3
36001,NY,Albany,2004,"151,559","6,704",4.2
36001,NY,Albany,2005,"152,920","6,238",3.9
36001,NY,Albany,2006,"153,401","6,125",3.8
36001,NY,Albany,2007,"152,391","6,033",3.8
36001,NY,Albany,2008,"151,681","7,649",4.8
36001,NY,Albany,2009,"148,024","10,945",6.9
36001,NY,Albany,2010,"150,137","11,489",7.1
36001,NY,Albany,2011,"147,443","11,063",7.0
36001,NY,Albany,2012,"148,855","11,546",7.2
36001,NY,Albany,2013,"150,583","9,991",6.2
36001,NY,Albany,2014,"149,307","7,742",4.9
36001,NY,Albany,2015,"151,269","6,928",4.4
36001,NY,Albany,2016,"151,974","6,552",4.1
36001,NY,Albany,2017,"154,316","6,777",4.2
36001,NY,Albany,2018,"155,092","5,917",3.7
36001,NY,Albany,2019,"155,650","5,607",3.5
36001,NY,Albany,2020,"148,962","11,034",6.9
36001,NY,Albany,2021,"151,431","7,015",4.4
36001,NY,Albany,2022,"154,764","4,830",3.0
36003,NY,Allegany,2000,"21,608","1,103",4.9
36003,NY,Allegany,2001,"21,913","1,093",4.8
36003,NY,Allegany,2002,"22,175","1,278",5.4
36003,NY,Allegany,2003,"21,846","1,544",6.6
36003,NY,Allegany,2004,"22,000","1,524",6.5
36003,NY,Allegany,2005,"22,147","1,373",5.8
36003,NY,Allegany,2006,"22,308","1,222",5.2
36003,NY,Allegany,2007,"22,102","1,253",5.4
36003,NY,Allegany,2008,"22,419","1,514",6.3
36003,NY,Allegany,2009,"21,794","2,117",8.9
36003,NY,Allegany,2010,"22,004","2,266",9.3
36003,NY,Allegany,2011,"21,561","2,131",9.0
36003,NY,Allegany,2012,"21,638","2,020",8.5
36003,NY,Allegany,2013,"21,945","1,828",7.7
36003,NY,Allegany,2014,"21,833","1,459",6.3
36003,NY,Allegany,2015,"18,979","1,330",6.5
36003,NY,Allegany,2016,"18,781","1,289",6.4
36003,NY,Allegany,2017,"18,740","1,320",6.6
36003,NY,Allegany,2018,"18,802","1,106",5.6
36003,NY,Allegany,2019,"18,685","1,035",5.2
36003,NY,Allegany,2020,"17,990","1,508",7.7
36003,NY,Allegany,2021,"18,277",969,5.0
36003,NY,Allegany,2022,"18,337",771,4.0
36005,NY,Bronx,2000,"451,119","34,587",7.1
36005,NY,Bronx,2001,"449,099","36,076",7.4
36005,NY,Bronx,2002,"450,718","48,672",9.7
36005,NY,Bronx,2003,"448,262","52,525",10.5
36005,NY,Bronx,2004,"458,515","45,741",9.1
36005,NY,Bronx,2005,"469,271","37,456",7.4
36005,NY,Bronx,2006,"473,426","33,154",6.5
36005,NY,Bronx,2007,"478,314","33,781",6.6
36005,NY,Bronx,2008,"486,813","39,585",7.5
36005,NY,Bronx,2009,"471,589","64,161",12.0
36005,NY,Bronx,2010,"516,105","70,700",12.0
36005,NY,Bronx,2011,"516,013","70,206",12.0
36005,NY,Bronx,2012,"520,367","74,518",12.5
36005,NY,Bronx,2013,"530,049","70,476",11.7
36005,NY,Bronx,2014,"545,610","57,591",9.5
36005,NY,Bronx,2015,"556,946","45,985",7.6
36005,NY,Bronx,2016,"560,468","42,538",7.1
36005,NY,Bronx,2017,"593,962","38,967",6.2
36005,NY,Bronx,2018,"591,303","35,577",5.7
36005,NY,Bronx,2019,"591,519","33,490",5.4
36005,NY,Bronx,2020,"515,459","97,957",16.0
36005,NY,Bronx,2021,"529,675","84,496",13.8
36005,NY,Bronx,2022,"556,635","47,059",7.8
36007,NY,Broome,2000,"94,437","3,541",3.6
36007,NY,Broome,2001,"93,951","4,176",4.3
36007,NY,Broome,2002,"93,018","5,790",5.9
36007,NY,Broome,2003,"90,994","5,679",5.9
36007,NY,Broome,2004,"90,785","5,268",5.5
36007,NY,Broome,2005,"91,515","4,717",4.9
36007,NY,Broome,2006,"92,555","4,480",4.6
36007,NY,Broome,2007,"92,442","4,230",4.4
36007,NY,Broome,2008,"92,038","5,366",5.5
36007,NY,Broome,2009,"89,457","8,088",8.3
36007,NY,Broome,2010,"89,241","8,690",8.9
36007,NY,Broome,2011,"86,646","8,209",8.7
36007,NY,Broome,2012,"85,603","8,276",8.8
36007,NY,Broome,2013,"84,512","7,316",8.0
36007,NY,Broome,2014,"82,002","5,877",6.7
36007,NY,Broome,2015,"81,430","5,212",6.0
36007,NY,Broome,2016,"81,177","4,739",5.5
36007,NY,Broome,2017,"81,335","4,766",5.5
36007,NY,Broome,2018,"81,836","4,153",4.8
36007,NY,Broome,2019,"81,608","3,860",4.5
36007,NY,Broome,2020,"76,847","6,976",8.3
36007,NY,Broome,2021,"78,148","4,332",5.3
36007,NY,Broome,2022,"79,201","3,106",3.8
36009,NY,Cattaraugus,2000,"39,119","1,846",4.5
36009,NY,Cattaraugus,2001,"38,970","2,068",5.0
36009,NY,Cattaraugus,2002,"39,397","2,365",5.7
36009,NY,Cattaraugus,2003,"39,662","2,473",5.9
36009,NY,Cattaraugus,2004,"39,613","2,558",6.1
36009,NY,Cattaraugus,2005,"39,827","2,273",5.4
36009,NY,Cattaraugus,2006,"39,793","2,149",5.1
36009,NY,Cattaraugus,2007,"39,119","2,067",5.0
36009,NY,Cattaraugus,2008,"38,946","2,494",6.0
36009,NY,Cattaraugus,2009,"38,038","3,651",8.8
36009,NY,Cattaraugus,2010,"35,851","3,855",9.7
36009,NY,Cattaraugus,2011,"34,970","3,642",9.4
36009,NY,Cattaraugus,2012,"34,639","3,625",9.5
36009,NY,Cattaraugus,2013,"34,742","3,330",8.7
36009,NY,Cattaraugus,2014,"34,000","2,581",7.1
36009,NY,Cattaraugus,2015,"32,929","2,228",6.3
36009,NY,Cattaraugus,2016,"32,760","2,119",6.1
36009,NY,Cattaraugus,2017,"32,764","2,149",6.2
36009,NY,Cattaraugus,2018,"32,949","1,839",5.3
36009,NY,Cattaraugus,2019,"32,857","1,667",4.8
36009,NY,Cattaraugus,2020,"30,741","3,078",9.1
36009,NY,Cattaraugus,2021,"31,500","1,768",5.3
36009,NY,Cattaraugus,2022,"31,521","1,323",4.0
36011,NY,Cayuga,2000,"38,729","1,565",3.9
36011,NY,Cayuga,2001,"38,220","1,708",4.3
36011,NY,Cayuga,2002,"39,230","2,003",4.9
36011,NY,Cayuga,2003,"39,158","2,203",5.3
36011,NY,Cayuga,2004,"39,492","2,160",5.2
36011,NY,Cayuga,2005,"39,804","2,039",4.9
36011,NY,Cayuga,2006,"39,570","1,945",4.7
36011,NY,Cayuga,2007,"39,267","1,792",4.4
36011,NY,Cayuga,2008,"39,204","2,276",5.5
36011,NY,Cayuga,2009,"38,116","3,491",8.4
36011,NY,Cayuga,2010,"36,448","3,467",8.7
36011,NY,Cayuga,2011,"35,927","3,194",8.2
36011,NY,Cayuga,2012,"35,787","3,269",8.4
36011,NY,Cayuga,2013,"35,875","2,935",7.6
36011,NY,Cayuga,2014,"35,298","2,268",6.0
36011,NY,Cayuga,2015,"35,015","1,990",5.4
36011,NY,Cayuga,2016,"34,828","1,888",5.1
36011,NY,Cayuga,2017,"34,715","1,822",5.0
36011,NY,Cayuga,2018,"35,143","1,627",4.4
36011,NY,Cayuga,2019,"35,239","1,500",4.1
36011,NY,Cayuga,2020,"33,483","2,749",7.6
36011,NY,Cayuga,2021,"33,943","1,691",4.7
36011,NY,Cayuga,2022,"34,363","1,217",3.4
36013,NY,Chautauqua,2000,"65,181","2,719",4.0
36013,NY,Chautauqua,2001,"63,843","3,121",4.7
36013,NY,Chautauqua,2002,"63,654","3,793",5.6
36013,NY,Chautauqua,2003,"62,809","3,892",5.8
36013,NY,Chautauqua,2004,"63,076","3,695",5.5
36013,NY,Chautauqua,2005,"63,878","3,231",4.8
36013,NY,Chautauqua,2006,"64,133","3,028",4.5
36013,NY,Chautauqua,2007,"63,716","2,937",4.4
36013,NY,Chautauqua,2008,"63,143","3,661",5.5
36013,NY,Chautauqua,2009,"60,400","5,563",8.4
36013,NY,Chautauqua,2010,"58,211","5,765",9.0
36013,NY,Chautauqua,2011,"56,660","5,094",8.2
36013,NY,Chautauqua,2012,"55,903","5,291",8.6
36013,NY,Chautauqua,2013,"55,211","4,948",8.2
36013,NY,Chautauqua,2014,"53,745","3,959",6.9
36013,NY,Chautauqua,2015,"54,012","3,490",6.1
36013,NY,Chautauqua,2016,"52,844","3,315",5.9
36013,NY,Chautauqua,2017,"53,096","3,363",6.0
36013,NY,Chautauqua,2018,"53,187","2,794",5.0
36013,NY,Chautauqua,2019,"53,048","2,501",4.5
36013,NY,Chautauqua,2020,"49,517","4,613",8.5
36013,NY,Chautauqua,2021,"50,589","2,980",5.6
36013,NY,Chautauqua,2022,"51,257","2,061",3.9
36015,NY,Chemung,2000,"40,817","1,830",4.3
36015,NY,Chemung,2001,"40,285","2,100",5.0
36015,NY,Chemung,2002,"39,545","2,740",6.5
36015,NY,Chemung,2003,"38,490","2,682",6.5
36015,NY,Chemung,2004,"37,962","2,458",6.1
36015,NY,Chemung,2005,"38,409","2,163",5.3
36015,NY,Chemung,2006,"38,883","1,984",4.9
36015,NY,Chemung,2007,"39,035","1,841",4.5
36015,NY,Chemung,2008,"38,872","2,269",5.5
36015,NY,Chemung,2009,"37,324","3,715",9.1
36015,NY,Chemung,2010,"38,073","3,565",8.6
36015,NY,Chemung,2011,"37,636","3,227",7.9
36015,NY,Chemung,2012,"37,041","3,456",8.5
36015,NY,Chemung,2013,"36,364","3,208",8.1
36015,NY,Chemung,2014,"35,717","2,404",6.3
36015,NY,Chemung,2015,"35,195","2,211",5.9
36015,NY,Chemung,2016,"34,123","2,109",5.8
36015,NY,Chemung,2017,"34,337","1,992",5.5
36015,NY,Chemung,2018,"34,475","1,657",4.6
36015,NY,Chemung,2019,"34,590","1,435",4.0
36015,NY,Chemung,2020,"33,083","3,039",8.4
36015,NY,Chemung,2021,"33,159","1,839",5.3
36015,NY,Chemung,2022,"33,560","1,272",3.7
36017,NY,Chenango,2000,"23,461",973,4.0
36017,NY,Chenango,2001,"23,418","1,106",4.5
36017,NY,Chenango,2002,"23,241","1,382",5.6
36017,NY,Chenango,2003,"22,784","1,423",5.9
36017,NY,Chenango,2004,"22,683","1,349",5.6
36017,NY,Chenango,2005,"23,074","1,203",5.0
36017,NY,Chenango,2006,"23,516","1,206",4.9
36017,NY,Chenango,2007,"23,173","1,183",4.9
36017,NY,Chenango,2008,"22,941","1,537",6.3
36017,NY,Chenango,2009,"22,206","2,213",9.1
36017,NY,Chenango,2010,"21,490","2,227",9.4
36017,NY,Chenango,2011,"21,777","2,088",8.7
36017,NY,Chenango,2012,"21,984","2,109",8.8
36017,NY,Chenango,2013,"22,265","1,806",7.5
36017,NY,Chenango,2014,"21,704","1,451",6.3
36017,NY,Chenango,2015,"21,780","1,267",5.5
36017,NY,Chenango,2016,"21,668","1,176",5.1
36017,NY,Chenango,2017,"21,537","1,208",5.3
36017,NY,Chenango,2018,"21,763","1,053",4.6
36017,NY,Chenango,2019,"21,494",955,4.3
36017,NY,Chenango,2020,"20,770","1,473",6.6
36017,NY,Chenango,2021,"21,065",972,4.4
36017,NY,Chenango,2022,"21,156",716,3.3
36019,NY,Clinton,2000,"36,678","1,788",4.6
36019,NY,Clinton,2001,"37,053","1,732",4.5
36019,NY,Clinton,2002,"37,522","2,143",5.4
36019,NY,Clinton,2003,"37,424","2,435",6.1
36019,NY,Clinton,2004,"37,357","2,440",6.1
36019,NY,Clinton,2005,"37,885","2,110",5.3
36019,NY,Clinton,2006,"37,936","2,144",5.3
36019,NY,Clinton,2007,"37,513","2,186",5.5
36019,NY,Clinton,2008,"37,106","2,567",6.5
36019,NY,Clinton,2009,"36,046","3,766",9.5
36019,NY,Clinton,2010,"35,778","3,970",10.0
36019,NY,Clinton,2011,"34,756","3,712",9.6
36019,NY,Clinton,2012,"34,331","3,621",9.5
36019,NY,Clinton,2013,"33,977","3,168",8.5
36019,NY,Clinton,2014,"33,543","2,395",6.7
36019,NY,Clinton,2015,"33,758","2,103",5.9
36019,NY,Clinton,2016,"33,869","1,953",5.5
36019,NY,Clinton,2017,"34,880","1,930",5.2
36019,NY,Clinton,2018,"35,456","1,613",4.4
36019,NY,Clinton,2019,"35,523","1,547",4.2
36019,NY,Clinton,2020,"33,521","2,777",7.7
36019,NY,Clinton,2021,"33,981","1,663",4.7
36019,NY,Clinton,2022,"34,236","1,182",3.3
36021,NY,Columbia,2000,"30,350","1,074",3.4
36021,NY,Columbia,2001,"30,042","1,091",3.5
36021,NY,Columbia,2002,"29,945","1,352",4.3
36021,NY,Columbia,2003,"29,927","1,385",4.4
36021,NY,Columbia,2004,"30,432","1,410",4.4
36021,NY,Columbia,2005,"30,746","1,237",3.9
36021,NY,Columbia,2006,"31,138","1,192",3.7
36021,NY,Columbia,2007,"30,495","1,213",3.8
36021,NY,Columbia,2008,"30,128","1,510",4.8
36021,NY,Columbia,2009,"29,090","2,352",7.5
36021,NY,Columbia,2010,"29,763","2,399",7.5
36021,NY,Columbia,2011,"29,238","2,260",7.2
36021,NY,Columbia,2012,"29,371","2,262",7.2
36021,NY,Columbia,2013,"29,841","1,960",6.2
36021,NY,Columbia,2014,"29,794","1,487",4.8
36021,NY,Columbia,2015,"30,094","1,258",4.0
36021,NY,Columbia,2016,"30,294","1,179",3.7
36021,NY,Columbia,2017,"30,493","1,192",3.8
36021,NY,Columbia,2018,"30,894","1,054",3.3
36021,NY,Columbia,2019,"30,927",977,3.1
36021,NY,Columbia,2020,"29,203","1,846",5.9
36021,NY,Columbia,2021,"29,418","1,179",3.9
36021,NY,Columbia,2022,"29,703",836,2.7
36023,NY,Cortland,2000,"23,051","1,043",4.3
36023,NY,Cortland,2001,"23,505","1,167",4.7
36023,NY,Cortland,2002,"23,156","1,478",6.0
36023,NY,Cortland,2003,"22,915","1,448",5.9
36023,NY,Cortland,2004,"22,513","1,506",6.3
36023,NY,Cortland,2005,"22,625","1,299",5.4
36023,NY,Cortland,2006,"22,527","1,258",5.3
36023,NY,Cortland,2007,"22,482","1,206",5.1
36023,NY,Cortland,2008,"22,464","1,515",6.3
36023,NY,Cortland,2009,"22,065","2,253",9.3
36023,NY,Cortland,2010,"22,286","2,218",9.1
36023,NY,Cortland,2011,"22,301","2,079",8.5
36023,NY,Cortland,2012,"22,305","2,139",8.8
36023,NY,Cortland,2013,"22,356","1,929",7.9
36023,NY,Cortland,2014,"22,082","1,551",6.6
36023,NY,Cortland,2015,"21,855","1,378",5.9
36023,NY,Cortland,2016,"21,667","1,332",5.8
36023,NY,Cortland,2017,"22,035","1,345",5.8
36023,NY,Cortland,2018,"22,176","1,181",5.1
36023,NY,Cortland,2019,"22,375","1,094",4.7
36023,NY,Cortland,2020,"21,148","1,760",7.7
36023,NY,Cortland,2021,"21,418","1,144",5.1
36023,NY,Cortland,2022,"21,863",856,3.8
36025,NY,Delaware,2000,"21,206",918,4.1
36025,NY,Delaware,2001,"21,273",920,4.1
36025,NY,Delaware,2002,"21,961","1,108",4.8
36025,NY,Delaware,2003,"21,874","1,122",4.9
36025,NY,Delaware,2004,"22,041","1,062",4.6
36025,NY,Delaware,2005,"22,474","1,038",4.4
36025,NY,Delaware,2006,"22,511","1,006",4.3
36025,NY,Delaware,2007,"22,102",983,4.3
36025,NY,Delaware,2008,"21,398","1,341",5.9
36025,NY,Delaware,2009,"20,340","1,934",8.7
36025,NY,Delaware,2010,"20,447","2,003",8.9
36025,NY,Delaware,2011,"19,848","1,900",8.7
36025,NY,Delaware,2012,"19,649","1,911",8.9
36025,NY,Delaware,2013,"19,333","1,697",8.1
36025,NY,Delaware,2014,"18,681","1,323",6.6
36025,NY,Delaware,2015,"18,290","1,177",6.0
36025,NY,Delaware,2016,"18,154","1,080",5.6
36025,NY,Delaware,2017,"18,252","1,061",5.5
36025,NY,Delaware,2018,"18,560",937,4.8
36025,NY,Delaware,2019,"18,591",875,4.5
36025,NY,Delaware,2020,"17,739","1,326",7.0
36025,NY,Delaware,2021,"17,934",893,4.7
36025,NY,Delaware,2022,"17,895",680,3.7
36027,NY,Dutchess,2000,"134,380","4,419",3.2
36027,NY,Dutchess,2001,"135,259","4,830",3.4
36027,NY,Dutchess,2002,"137,191","6,073",4.2
36027,NY,Dutchess,2003,"137,600","5,987",4.2
36027,NY,Dutchess,2004,"138,753","6,245",4.3
36027,NY,Dutchess,2005,"141,149","5,766",3.9
36027,NY,Dutchess,2006,"141,987","5,629",3.8
36027,NY,Dutchess,2007,"139,676","5,572",3.8
36027,NY,Dutchess,2008,"138,199","7,371",5.1
36027,NY,Dutchess,2009,"133,601","11,297",7.8
36027,NY,Dutchess,2010,"137,561","11,727",7.9
36027,NY,Dutchess,2011,"135,428","11,070",7.6
36027,NY,Dutchess,2012,"134,622","11,538",7.9
36027,NY,Dutchess,2013,"135,453","9,950",6.8
36027,NY,Dutchess,2014,"134,432","7,632",5.4
36027,NY,Dutchess,2015,"136,526","6,471",4.5
36027,NY,Dutchess,2016,"137,045","6,063",4.2
36027,NY,Dutchess,2017,"139,767","6,218",4.3
36027,NY,Dutchess,2018,"141,441","5,370",3.7
36027,NY,Dutchess,2019,"143,255","5,106",3.4
36027,NY,Dutchess,2020,"134,736","10,659",7.3
36027,NY,Dutchess,2021,"137,869","6,457",4.5
36027,NY,Dutchess,2022,"140,788","4,443",3.1
36029,NY,Erie,2000,"447,277","19,476",4.2
36029,NY,Erie,2001,"438,908","21,527",4.7
36029,NY,Erie,2002,"444,593","25,650",5.5
36029,NY,Erie,2003,"442,607","27,260",5.8
36029,NY,Erie,2004,"443,783","27,198",5.8
36029,NY,Erie,2005,"447,446","24,540",5.2
36029,NY,Erie,2006,"448,164","23,143",4.9
36029,NY,Erie,2007,"442,978","21,440",4.6
36029,NY,Erie,2008,"443,377","26,507",5.6
36029,NY,Erie,2009,"432,055","38,802",8.2
36029,NY,Erie,2010,"426,603","39,412",8.5
36029,NY,Erie,2011,"422,449","36,959",8.0
36029,NY,Erie,2012,"422,256","38,847",8.4
36029,NY,Erie,2013,"424,800","34,981",7.6
36029,NY,Erie,2014,"420,334","27,548",6.2
36029,NY,Erie,2015,"423,855","24,058",5.4
36029,NY,Erie,2016,"423,060","22,313",5.0
36029,NY,Erie,2017,"429,193","23,248",5.1
36029,NY,Erie,2018,"432,100","19,798",4.4
36029,NY,Erie,2019,"434,669","18,391",4.1
36029,NY,Erie,2020,"406,773","40,902",9.1
36029,NY,Erie,2021,"418,604","23,998",5.4
36029,NY,Erie,2022,"428,562","15,923",3.6
36031,NY,Essex,2000,"17,607",879,4.8
36031,NY,Essex,2001,"17,730",848,4.6
36031,NY,Essex,2002,"17,806",977,5.2
36031,NY,Essex,2003,"17,361",976,5.3
36031,NY,Essex,2004,"17,563","1,029",5.5
36031,NY,Essex,2005,"17,724","1,005",5.4
36031,NY,Essex,2006,"17,705","1,041",5.6
36031,NY,Essex,2007,"17,486","1,032",5.6
36031,NY,Essex,2008,"17,253","1,217",6.6
36031,NY,Essex,2009,"16,653","1,698",9.3
36031,NY,Essex,2010,"17,006","1,747",9.3
36031,NY,Essex,2011,"16,559","1,668",9.2
36031,NY,Essex,2012,"16,392","1,760",9.7
36031,NY,Essex,2013,"16,561","1,534",8.5
36031,NY,Essex,2014,"16,312","1,216",6.9
36031,NY,Essex,2015,"16,235","1,048",6.1
36031,NY,Essex,2016,"16,311",937,5.4
36031,NY,Essex,2017,"16,531",950,5.4
36031,NY,Essex,2018,"16,587",836,4.8
36031,NY,Essex,2019,"16,626",783,4.5
36031,NY,Essex,2020,"15,615","1,332",7.9
36031,NY,Essex,2021,"16,052",806,4.8
36031,NY,Essex,2022,"15,910",591,3.6
36033,NY,Franklin,2000,"20,883","1,268",5.7
36033,NY,Franklin,2001,"20,539","1,308",6.0
36033,NY,Franklin,2002,"20,909","1,369",6.1
36033,NY,Franklin,2003,"20,883","1,506",6.7
36033,NY,Franklin,2004,"20,878","1,462",6.5
36033,NY,Franklin,2005,"21,214","1,324",5.9
36033,NY,Franklin,2006,"21,426","1,240",5.5
36033,NY,Franklin,2007,"21,354","1,232",5.5
36033,NY,Franklin,2008,"21,312","1,560",6.8
36033,NY,Franklin,2009,"21,051","1,990",8.6
36033,NY,Franklin,2010,"20,232","2,028",9.1
36033,NY,Franklin,2011,"19,759","1,995",9.2
36033,NY,Franklin,2012,"19,658","2,110",9.7
36033,NY,Franklin,2013,"19,578","1,951",9.1
36033,NY,Franklin,2014,"18,990","1,499",7.3
36033,NY,Franklin,2015,"18,632","1,308",6.6
36033,NY,Franklin,2016,"18,662","1,142",5.8
36033,NY,Franklin,2017,"18,901","1,209",6.0
36033,NY,Franklin,2018,"19,008","1,021",5.1
36033,NY,Franklin,2019,"19,033",944,4.7
36033,NY,Franklin,2020,"18,002","1,553",7.9
36033,NY,Franklin,2021,"18,389",923,4.8
36033,NY,Franklin,2022,"18,282",679,3.6
36035,NY,Fulton,2000,"25,040","1,218",4.6
36035,NY,Fulton,2001,"25,086","1,189",4.5
36035,NY,Fulton,2002,"25,565","1,352",5.0
36035,NY,Fulton,2003,"24,962","1,536",5.8
36035,NY,Fulton,2004,"25,161","1,524",5.7
36035,NY,Fulton,2005,"25,451","1,504",5.6
36035,NY,Fulton,2006,"25,997","1,440",5.2
36035,NY,Fulton,2007,"25,845","1,443",5.3
36035,NY,Fulton,2008,"25,626","1,821",6.6
36035,NY,Fulton,2009,"24,602","2,662",9.8
36035,NY,Fulton,2010,"23,317","2,831",10.8
36035,NY,Fulton,2011,"22,871","2,732",10.7
36035,NY,Fulton,2012,"22,534","2,836",11.2
36035,NY,Fulton,2013,"22,323","2,401",9.7
36035,NY,Fulton,2014,"21,599","1,808",7.7
36035,NY,Fulton,2015,"21,892","1,517",6.5
36035,NY,Fulton,2016,"21,886","1,352",5.8
36035,NY,Fulton,2017,"22,235","1,352",5.7
36035,NY,Fulton,2018,"22,133","1,179",5.1
36035,NY,Fulton,2019,"21,977","1,110",4.8
36035,NY,Fulton,2020,"21,130","1,900",8.3
36035,NY,Fulton,2021,"21,299","1,249",5.5
36035,NY,Fulton,2022,"21,548",885,3.9
36037,NY,Genesee,2000,"31,228","1,281",3.9
36037,NY,Genesee,2001,"30,831","1,387",4.3
36037,NY,Genesee,2002,"31,338","1,767",5.3
36037,NY,Genesee,2003,"31,295","1,840",5.6
36037,NY,Genesee,2004,"31,132","1,855",5.6
36037,NY,Genesee,2005,"31,489","1,596",4.8
36037,NY,Genesee,2006,"31,617","1,515",4.6
36037,NY,Genesee,2007,"31,339","1,466",4.5
36037,NY,Genesee,2008,"31,435","1,846",5.5
36037,NY,Genesee,2009,"30,543","2,567",7.8
36037,NY,Genesee,2010,"29,163","2,599",8.2
36037,NY,Genesee,2011,"28,539","2,435",7.9
36037,NY,Genesee,2012,"28,365","2,476",8.0
36037,NY,Genesee,2013,"28,357","2,143",7.0
36037,NY,Genesee,2014,"28,310","1,676",5.6
36037,NY,Genesee,2015,"28,549","1,500",5.0
36037,NY,Genesee,2016,"28,357","1,387",4.7
36037,NY,Genesee,2017,"28,650","1,428",4.7
36037,NY,Genesee,2018,"29,131","1,255",4.1
36037,NY,Genesee,2019,"29,312","1,140",3.7
36037,NY,Genesee,2020,"27,585","2,098",7.1
36037,NY,Genesee,2021,"28,326","1,273",4.3
36037,NY,Genesee,2022,"28,769",926,3.1
36039,NY,Greene,2000,"21,533","1,017",4.5
36039,NY,Greene,2001,"21,481","1,019",4.5
36039,NY,Greene,2002,"22,559","1,175",5.0
36039,NY,Greene,2003,"22,483","1,229",5.2
36039,NY,Greene,2004,"22,003","1,247",5.4
36039,NY,Greene,2005,"22,590","1,150",4.8
36039,NY,Greene,2006,"22,970","1,139",4.7
36039,NY,Greene,2007,"22,951","1,125",4.7
36039,NY,Greene,2008,"22,777","1,404",5.8
36039,NY,Greene,2009,"22,052","2,038",8.5
36039,NY,Greene,2010,"20,080","2,050",9.3
36039,NY,Greene,2011,"19,568","2,051",9.5
36039,NY,Greene,2012,"19,354","2,171",10.1
36039,NY,Greene,2013,"19,422","1,917",9.0
36039,NY,Greene,2014,"19,282","1,409",6.8
36039,NY,Greene,2015,"19,511","1,175",5.7
36039,NY,Greene,2016,"19,517","1,058",5.1
36039,NY,Greene,2017,"19,807","1,080",5.2
36039,NY,Greene,2018,"20,116",952,4.5
36039,NY,Greene,2019,"19,836",886,4.3
36039,NY,Greene,2020,"19,034","1,649",8.0
36039,NY,Greene,2021,"19,439","1,024",5.0
36039,NY,Greene,2022,"19,572",716,3.5
36041,NY,Hamilton,2000,"2,698",157,5.5
36041,NY,Hamilton,2001,"2,624",132,4.8
36041,NY,Hamilton,2002,"2,768",148,5.1
36041,NY,Hamilton,2003,"2,789",161,5.5
36041,NY,Hamilton,2004,"2,885",171,5.6
36041,NY,Hamilton,2005,"2,993",173,5.5
36041,NY,Hamilton,2006,"2,964",156,5.0
36041,NY,Hamilton,2007,"3,053",148,4.6
36041,NY,Hamilton,2008,"2,866",188,6.2
36041,NY,Hamilton,2009,"2,787",229,7.6
36041,NY,Hamilton,2010,"2,254",252,10.1
36041,NY,Hamilton,2011,"2,203",245,10.0
36041,NY,Hamilton,2012,"2,181",267,10.9
36041,NY,Hamilton,2013,"2,191",239,9.8
36041,NY,Hamilton,2014,"2,245",182,7.5
36041,NY,Hamilton,2015,"2,265",165,6.8
36041,NY,Hamilton,2016,"2,210",156,6.6
36041,NY,Hamilton,2017,"2,186",173,7.3
36041,NY,Hamilton,2018,"2,180",159,6.8
36041,NY,Hamilton,2019,"2,139",129,5.7
36041,NY,Hamilton,2020,"2,035",169,7.7
36041,NY,Hamilton,2021,"2,120",101,4.5
36041,NY,Hamilton,2022,"2,103",94,4.3
36043,NY,Herkimer,2000,"30,279","1,341",4.2
36043,NY,Herkimer,2001,"29,713","1,395",4.5
36043,NY,Herkimer,2002,"29,733","1,708",5.4
36043,NY,Herkimer,2003,"29,547","1,804",5.8
36043,NY,Herkimer,2004,"29,557","1,782",5.7
36043,NY,Herkimer,2005,"29,982","1,672",5.3
36043,NY,Herkimer,2006,"29,859","1,553",4.9
36043,NY,Herkimer,2007,"29,422","1,489",4.8
36043,NY,Herkimer,2008,"29,192","1,873",6.0
36043,NY,Herkimer,2009,"28,664","2,521",8.1
36043,NY,Herkimer,2010,"28,817","2,770",8.8
36043,NY,Herkimer,2011,"28,070","2,700",8.8
36043,NY,Herkimer,2012,"27,786","2,710",8.9
36043,NY,Herkimer,2013,"27,569","2,406",8.0
36043,NY,Herkimer,2014,"26,846","1,971",6.8
36043,NY,Herkimer,2015,"26,590","1,783",6.3
36043,NY,Herkimer,2016,"26,620","1,567",5.6
36043,NY,Herkimer,2017,"26,923","1,618",5.7
36043,NY,Herkimer,2018,"27,020","1,387",4.9
36043,NY,Herkimer,2019,"27,247","1,340",4.7
36043,NY,Herkimer,2020,"25,919","2,214",7.9
36043,NY,Herkimer,2021,"26,088","1,612",5.8
36043,NY,Herkimer,2022,"26,285","1,069",3.9
36045,NY,Jefferson,2000,"42,249","2,627",5.9
36045,NY,Jefferson,2001,"42,065","2,835",6.3
36045,NY,Jefferson,2002,"42,775","3,124",6.8
36045,NY,Jefferson,2003,"42,769","3,165",6.9
36045,NY,Jefferson,2004,"42,943","3,237",7.0
36045,NY,Jefferson,2005,"44,184","2,896",6.2
36045,NY,Jefferson,2006,"45,776","2,646",5.5
36045,NY,Jefferson,2007,"45,457","2,579",5.4
36045,NY,Jefferson,2008,"45,589","3,296",6.7
36045,NY,Jefferson,2009,"45,092","4,447",9.0
36045,NY,Jefferson,2010,"45,598","4,737",9.4
36045,NY,Jefferson,2011,"44,189","4,805",9.8
36045,NY,Jefferson,2012,"43,529","4,830",10.0
36045,NY,Jefferson,2013,"43,729","4,569",9.5
36045,NY,Jefferson,2014,"42,979","3,575",7.7
36045,NY,Jefferson,2015,"43,366","3,085",6.6
36045,NY,Jefferson,2016,"42,795","2,896",6.3
36045,NY,Jefferson,2017,"42,859","2,961",6.5
36045,NY,Jefferson,2018,"42,953","2,513",5.5
36045,NY,Jefferson,2019,"42,556","2,394",5.3
36045,NY,Jefferson,2020,"40,621","3,719",8.4
36045,NY,Jefferson,2021,"41,842","2,248",5.1
36045,NY,Jefferson,2022,"42,464","1,774",4.0
36047,NY,Kings,2000,"974,617","66,110",6.4
36047,NY,Kings,2001,"964,737","68,079",6.6
36047,NY,Kings,2002,"961,354","91,099",8.7
36047,NY,Kings,2003,"954,093","94,181",9.0
36047,NY,Kings,2004,"982,666","79,928",7.5
36047,NY,Kings,2005,"1,004,675","65,171",6.1
36047,NY,Kings,2006,"1,019,861","56,679",5.3
36047,NY,Kings,2007,"1,029,077","57,073",5.3
36047,NY,Kings,2008,"1,045,310","66,624",6.0
36047,NY,Kings,2009,"1,012,858","111,047",9.9
36047,NY,Kings,2010,"1,055,400","117,062",10.0
36047,NY,Kings,2011,"1,061,492","112,807",9.6
36047,NY,Kings,2012,"1,072,483","117,273",9.9
36047,NY,Kings,2013,"1,093,739","112,568",9.3
36047,NY,Kings,2014,"1,123,287","90,409",7.4
36047,NY,Kings,2015,"1,139,369","70,006",5.8
36047,NY,Kings,2016,"1,142,605","63,624",5.3
36047,NY,Kings,2017,"1,206,327","58,298",4.6
36047,NY,Kings,2018,"1,202,531","53,066",4.2
36047,NY,Kings,2019,"1,203,056","50,843",4.1
36047,NY,Kings,2020,"1,053,548","149,425",12.4
36047,NY,Kings,2021,"1,083,270","124,532",10.3
36047,NY,Kings,2022,"1,137,876","70,967",5.9
36049,NY,Lewis,2000,"12,018",651,5.1
36049,NY,Lewis,2001,"11,735",764,6.1
36049,NY,Lewis,2002,"11,832",799,6.3
36049,NY,Lewis,2003,"11,621",809,6.5
36049,NY,Lewis,2004,"11,693",831,6.6
36049,NY,Lewis,2005,"11,962",761,6.0
36049,NY,Lewis,2006,"12,339",708,5.4
36049,NY,Lewis,2007,"11,795",665,5.3
36049,NY,Lewis,2008,"11,712",825,6.6
36049,NY,Lewis,2009,"11,623","1,137",8.9
36049,NY,Lewis,2010,"11,582","1,190",9.3
36049,NY,Lewis,2011,"11,206","1,207",9.7
36049,NY,Lewis,2012,"11,013","1,241",10.1
36049,NY,Lewis,2013,"11,052","1,187",9.7
36049,NY,Lewis,2014,"10,915",938,7.9
36049,NY,Lewis,2015,"10,930",819,7.0
36049,NY,Lewis,2016,"10,949",803,6.8
36049,NY,Lewis,2017,"11,034",778,6.6
36049,NY,Lewis,2018,"11,223",654,5.5
36049,NY,Lewis,2019,"11,232",628,5.3
36049,NY,Lewis,2020,"10,804",869,7.4
36049,NY,Lewis,2021,"11,043",591,5.1
36049,NY,Lewis,2022,"11,202",467,4.0
36051,NY,Livingston,2000,"31,549","1,325",4.0
36051,NY,Livingston,2001,"31,271","1,427",4.4
36051,NY,Livingston,2002,"30,951","1,890",5.8
36051,NY,Livingston,2003,"30,660","1,987",6.1
36051,NY,Livingston,2004,"30,749","1,926",5.9
36051,NY,Livingston,2005,"31,218","1,636",5.0
36051,NY,Livingston,2006,"31,309","1,580",4.8
36051,NY,Livingston,2007,"30,635","1,550",4.8
36051,NY,Livingston,2008,"30,379","1,896",5.9
36051,NY,Livingston,2009,"29,411","2,746",8.5
36051,NY,Livingston,2010,"30,079","2,704",8.2
36051,NY,Livingston,2011,"29,583","2,460",7.7
36051,NY,Livingston,2012,"29,545","2,551",7.9
36051,NY,Livingston,2013,"29,547","2,296",7.2
36051,NY,Livingston,2014,"29,103","1,806",5.8
36051,NY,Livingston,2015,"29,543","1,652",5.3
36051,NY,Livingston,2016,"29,491","1,561",5.0
36051,NY,Livingston,2017,"29,646","1,559",5.0
36051,NY,Livingston,2018,"30,022","1,345",4.3
36051,NY,Livingston,2019,"30,159","1,275",4.1
36051,NY,Livingston,2020,"28,352","2,075",6.8
36051,NY,Livingston,2021,"28,816","1,320",4.4
36051,NY,Livingston,2022,"29,334",997,3.3
36053,NY,Madison,2000,"33,618","1,336",3.8
36053,NY,Madison,2001,"33,406","1,582",4.5
36053,NY,Madison,2002,"33,539","1,884",5.3
36053,NY,Madison,2003,"33,496","2,002",5.6
36053,NY,Madison,2004,"33,607","2,010",5.6
36053,NY,Madison,2005,"34,227","1,862",5.2
36053,NY,Madison,2006,"34,447","1,653",4.6
36053,NY,Madison,2007,"34,246","1,643",4.6
36053,NY,Madison,2008,"34,168","2,054",5.7
36053,NY,Madison,2009,"33,140","2,963",8.2
36053,NY,Madison,2010,"32,603","3,007",8.4
36053,NY,Madison,2011,"31,921","2,856",8.2
36053,NY,Madison,2012,"31,589","2,979",8.6
36053,NY,Madison,2013,"31,702","2,683",7.8
36053,NY,Madison,2014,"31,224","2,158",6.5
36053,NY,Madison,2015,"30,957","1,878",5.7
36053,NY,Madison,2016,"30,966","1,751",5.4
36053,NY,Madison,2017,"31,177","1,807",5.5
36053,NY,Madison,2018,"31,795","1,583",4.7
36053,NY,Madison,2019,"32,232","1,443",4.3
36053,NY,Madison,2020,"30,638","2,496",7.5
36053,NY,Madison,2021,"31,083","1,494",4.6
36053,NY,Madison,2022,"31,794","1,106",3.4
36055,NY,Monroe,2000,"362,928","13,190",3.5
36055,NY,Monroe,2001,"358,269","15,383",4.1
36055,NY,Monroe,2002,"355,608","20,226",5.4
36055,NY,Monroe,2003,"353,057","20,757",5.6
36055,NY,Monroe,2004,"353,119","19,590",5.3
36055,NY,Monroe,2005,"359,008","17,123",4.6
36055,NY,Monroe,2006,"358,987","16,319",4.3
36055,NY,Monroe,2007,"356,147","16,166",4.3
36055,NY,Monroe,2008,"354,893","20,285",5.4
36055,NY,Monroe,2009,"345,560","29,977",8.0
36055,NY,Monroe,2010,"347,553","30,995",8.2
36055,NY,Monroe,2011,"345,365","28,937",7.7
36055,NY,Monroe,2012,"345,696","30,039",8.0
36055,NY,Monroe,2013,"347,423","26,779",7.2
36055,NY,Monroe,2014,"342,750","21,273",5.8
36055,NY,Monroe,2015,"346,195","18,632",5.1
36055,NY,Monroe,2016,"346,044","17,377",4.8
36055,NY,Monroe,2017,"350,616","18,085",4.9
36055,NY,Monroe,2018,"354,328","15,653",4.2
36055,NY,Monroe,2019,"356,235","14,743",4.0
36055,NY,Monroe,2020,"337,779","30,077",8.2
36055,NY,Monroe,2021,"345,113","18,857",5.2
36055,NY,Monroe,2022,"352,688","12,554",3.4
36057,NY,Montgomery,2000,"22,463","1,121",4.8
36057,NY,Montgomery,2001,"22,438","1,181",5.0
36057,NY,Montgomery,2002,"22,630","1,382",5.8
36057,NY,Montgomery,2003,"22,440","1,556",6.5
36057,NY,Montgomery,2004,"22,698","1,451",6.0
36057,NY,Montgomery,2005,"23,354","1,319",5.3
36057,NY,Montgomery,2006,"23,544","1,430",5.7
36057,NY,Montgomery,2007,"23,019","1,405",5.8
36057,NY,Montgomery,2008,"22,902","1,720",7.0
36057,NY,Montgomery,2009,"22,094","2,347",9.6
36057,NY,Montgomery,2010,"21,488","2,463",10.3
36057,NY,Montgomery,2011,"21,051","2,421",10.3
36057,NY,Montgomery,2012,"20,954","2,470",10.5
36057,NY,Montgomery,2013,"20,982","2,181",9.4
36057,NY,Montgomery,2014,"20,565","1,676",7.5
36057,NY,Montgomery,2015,"20,765","1,470",6.6
36057,NY,Montgomery,2016,"21,022","1,299",5.8
36057,NY,Montgomery,2017,"21,638","1,304",5.7
36057,NY,Montgomery,2018,"21,745","1,174",5.1
36057,NY,Montgomery,2019,"21,693","1,108",4.9
36057,NY,Montgomery,2020,"20,672","1,899",8.4
36057,NY,Montgomery,2021,"20,905","1,253",5.7
36057,NY,Montgomery,2022,"21,420",897,4.0
36059,NY,Nassau,2000,"653,213","22,303",3.3
36059,NY,Nassau,2001,"646,336","24,890",3.7
36059,NY,Nassau,2002,"649,939","31,806",4.7
36059,NY,Nassau,2003,"648,898","31,998",4.7
36059,NY,Nassau,2004,"651,557","31,126",4.6
36059,NY,Nassau,2005,"661,345","27,880",4.0
36059,NY,Nassau,2006,"670,669","26,036",3.7
36059,NY,Nassau,2007,"668,578","25,097",3.6
36059,NY,Nassau,2008,"662,814","32,571",4.7
36059,NY,Nassau,2009,"644,412","48,655",7.0
36059,NY,Nassau,2010,"641,573","50,400",7.3
36059,NY,Nassau,2011,"637,173","47,201",6.9
36059,NY,Nassau,2012,"643,054","49,493",7.1
36059,NY,Nassau,2013,"653,821","42,215",6.1
36059,NY,Nassau,2014,"651,793","33,015",4.8
36059,NY,Nassau,2015,"666,770","29,624",4.3
36059,NY,Nassau,2016,"672,300","27,839",4.0
36059,NY,Nassau,2017,"690,355","29,157",4.1
36059,NY,Nassau,2018,"696,991","25,201",3.5
36059,NY,Nassau,2019,"704,146","23,814",3.3
36059,NY,Nassau,2020,"657,096","57,335",8.0
36059,NY,Nassau,2021,"684,207","32,156",4.5
36059,NY,Nassau,2022,"708,503","20,968",2.9
36061,NY,New York,2000,"810,590","43,125",5.1
36061,NY,New York,2001,"810,548","49,566",5.8
36061,NY,New York,2002,"808,754","66,714",7.6
36061,NY,New York,2003,"808,166","64,882",7.4
36061,NY,New York,2004,"834,039","54,164",6.1
36061,NY,New York,2005,"857,939","44,479",4.9
36061,NY,New York,2006,"873,023","38,618",4.2
36061,NY,New York,2007,"879,249","38,458",4.2
36061,NY,New York,2008,"890,733","45,729",4.9
36061,NY,New York,2009,"856,532","78,537",8.4
36061,NY,New York,2010,"811,259","76,606",8.6
36061,NY,New York,2011,"815,453","69,477",7.9
36061,NY,New York,2012,"822,146","72,427",8.1
36061,NY,New York,2013,"833,170","67,430",7.5
36061,NY,New York,2014,"851,252","53,988",6.0
36061,NY,New York,2015,"862,865","43,212",4.8
36061,NY,New York,2016,"867,324","40,935",4.5
36061,NY,New York,2017,"920,354","38,369",4.0
36061,NY,New York,2018,"920,452","35,038",3.7
36061,NY,New York,2019,"928,926","33,564",3.5
36061,NY,New York,2020,"812,003","85,174",9.5
36061,NY,New York,2021,"835,020","70,041",7.7
36061,NY,New York,2022,"876,980","42,121",4.6
36063,NY,Niagara,2000,"104,562","5,110",4.7
36063,NY,Niagara,2001,"102,547","5,970",5.5
36063,NY,Niagara,2002,"104,108","7,101",6.4
36063,NY,Niagara,2003,"103,841","7,435",6.7
36063,NY,Niagara,2004,"104,369","6,961",6.3
36063,NY,Niagara,2005,"105,435","6,219",5.6
36063,NY,Niagara,2006,"106,240","6,012",5.4
36063,NY,Niagara,2007,"105,306","5,834",5.2
36063,NY,Niagara,2008,"105,618","7,500",6.6
36063,NY,Niagara,2009,"103,033","10,708",9.4
36063,NY,Niagara,2010,"97,385","10,604",9.8
36063,NY,Niagara,2011,"96,025","9,747",9.2
36063,NY,Niagara,2012,"95,634","9,987",9.5
36063,NY,Niagara,2013,"95,856","9,111",8.7
36063,NY,Niagara,2014,"94,233","7,182",7.1
36063,NY,Niagara,2015,"94,705","6,265",6.2
36063,NY,Niagara,2016,"94,345","5,936",5.9
36063,NY,Niagara,2017,"95,048","6,226",6.1
36063,NY,Niagara,2018,"95,963","5,251",5.2
36063,NY,Niagara,2019,"96,169","4,777",4.7
36063,NY,Niagara,2020,"89,737","10,045",10.1
36063,NY,Niagara,2021,"92,250","5,510",5.6
36063,NY,Niagara,2022,"94,379","3,745",3.8
36065,NY,Oneida,2000,"106,407","4,272",3.9
36065,NY,Oneida,2001,"104,363","4,993",4.6
36065,NY,Oneida,2002,"105,078","5,928",5.3
36065,NY,Oneida,2003,"104,536","6,068",5.5
36065,NY,Oneida,2004,"104,516","5,787",5.2
36065,NY,Oneida,2005,"105,858","5,308",4.8
36065,NY,Oneida,2006,"106,104","4,814",4.3
36065,NY,Oneida,2007,"105,098","4,614",4.2
36065,NY,Oneida,2008,"104,554","5,882",5.3
36065,NY,Oneida,2009,"102,360","8,297",7.5
36065,NY,Oneida,2010,"103,595","8,748",7.8
36065,NY,Oneida,2011,"100,348","8,790",8.1
36065,NY,Oneida,2012,"99,345","9,061",8.4
36065,NY,Oneida,2013,"98,964","8,164",7.6
36065,NY,Oneida,2014,"96,696","6,340",6.2
36065,NY,Oneida,2015,"96,471","5,477",5.4
36065,NY,Oneida,2016,"96,689","5,017",4.9
36065,NY,Oneida,2017,"98,506","5,154",5.0
36065,NY,Oneida,2018,"98,587","4,553",4.4
36065,NY,Oneida,2019,"99,783","4,243",4.1
36065,NY,Oneida,2020,"94,976","8,035",7.8
36065,NY,Oneida,2021,"95,724","5,153",5.1
36065,NY,Oneida,2022,"96,564","3,553",3.5
36067,NY,Onondaga,2000,"222,027","8,040",3.5
36067,NY,Onondaga,2001,"219,849","9,222",4.0
36067,NY,Onondaga,2002,"220,418","11,462",4.9
36067,NY,Onondaga,2003,"219,136","11,882",5.1
36067,NY,Onondaga,2004,"219,205","11,847",5.1
36067,NY,Onondaga,2005,"223,026","10,521",4.5
36067,NY,Onondaga,2006,"224,282","10,020",4.3
36067,NY,Onondaga,2007,"222,787","9,303",4.0
36067,NY,Onondaga,2008,"221,809","11,984",5.1
36067,NY,Onondaga,2009,"215,560","18,155",7.8
36067,NY,Onondaga,2010,"217,786","19,378",8.2
36067,NY,Onondaga,2011,"214,840","18,089",7.8
36067,NY,Onondaga,2012,"214,042","18,576",8.0
36067,NY,Onondaga,2013,"215,189","16,234",7.0
36067,NY,Onondaga,2014,"211,780","12,575",5.6
36067,NY,Onondaga,2015,"211,070","11,027",5.0
36067,NY,Onondaga,2016,"211,093","10,159",4.6
36067,NY,Onondaga,2017,"213,395","10,395",4.6
36067,NY,Onondaga,2018,"215,744","8,920",4.0
36067,NY,Onondaga,2019,"217,112","8,481",3.8
36067,NY,Onondaga,2020,"207,481","18,056",8.0
36067,NY,Onondaga,2021,"211,362","10,964",4.9
36067,NY,Onondaga,2022,"216,902","7,375",3.3
36069,NY,Ontario,2000,"52,530","1,915",3.5
36069,NY,Ontario,2001,"52,219","2,159",4.0
36069,NY,Ontario,2002,"52,177","2,863",5.2
36069,NY,Ontario,2003,"52,204","2,888",5.2
36069,NY,Ontario,2004,"52,632","2,793",5.0
36069,NY,Ontario,2005,"54,232","2,560",4.5
36069,NY,Ontario,2006,"54,363","2,477",4.4
36069,NY,Ontario,2007,"53,810","2,311",4.1
36069,NY,Ontario,2008,"53,662","2,882",5.1
36069,NY,Ontario,2009,"52,770","4,201",7.4
36069,NY,Ontario,2010,"52,132","4,279",7.6
36069,NY,Ontario,2011,"51,845","3,989",7.1
36069,NY,Ontario,2012,"51,830","4,130",7.4
36069,NY,Ontario,2013,"52,231","3,603",6.5
36069,NY,Ontario,2014,"51,815","2,889",5.3
36069,NY,Ontario,2015,"52,355","2,616",4.8
36069,NY,Ontario,2016,"52,667","2,417",4.4
36069,NY,Ontario,2017,"53,365","2,488",4.5
36069,NY,Ontario,2018,"54,397","2,205",3.9
36069,NY,Ontario,2019,"54,766","2,105",3.7
36069,NY,Ontario,2020,"52,127","3,893",6.9
36069,NY,Ontario,2021,"53,141","2,389",4.3
36069,NY,Ontario,2022,"54,201","1,708",3.1
36071,NY,Orange,2000,"156,284","5,419",3.4
36071,NY,Orange,2001,"157,923","6,006",3.7
36071,NY,Orange,2002,"161,622","7,403",4.4
36071,NY,Orange,2003,"163,934","8,200",4.8
36071,NY,Orange,2004,"166,427","8,306",4.8
36071,NY,Orange,2005,"169,965","7,521",4.2
36071,NY,Orange,2006,"172,405","7,568",4.2
36071,NY,Orange,2007,"171,341","7,549",4.2
36071,NY,Orange,2008,"170,568","9,574",5.3
36071,NY,Orange,2009,"166,191","14,366",8.0
36071,NY,Orange,2010,"166,688","14,745",8.1
36071,NY,Orange,2011,"165,198","13,919",7.8
36071,NY,Orange,2012,"164,966","14,387",8.0
36071,NY,Orange,2013,"166,198","12,525",7.0
36071,NY,Orange,2014,"165,500","9,695",5.5
36071,NY,Orange,2015,"169,318","8,337",4.7
36071,NY,Orange,2016,"171,096","7,867",4.4
36071,NY,Orange,2017,"175,754","8,317",4.5
36071,NY,Orange,2018,"180,371","7,244",3.9
36071,NY,Orange,2019,"184,795","6,926",3.6
36071,NY,Orange,2020,"172,718","14,972",8.0
36071,NY,Orange,2021,"178,023","8,812",4.7
36071,NY,Orange,2022,"184,393","6,088",3.2
36073,NY,Orleans,2000,"19,318",937,4.6
36073,NY,Orleans,2001,"18,908","1,026",5.1
36073,NY,Orleans,2002,"18,669","1,276",6.4
36073,NY,Orleans,2003,"18,513","1,401",7.0
36073,NY,Orleans,2004,"18,537","1,276",6.4
36073,NY,Orleans,2005,"18,824","1,125",5.6
36073,NY,Orleans,2006,"18,813","1,122",5.6
36073,NY,Orleans,2007,"18,328","1,107",5.7
36073,NY,Orleans,2008,"18,086","1,333",6.9
36073,NY,Orleans,2009,"17,553","1,835",9.5
36073,NY,Orleans,2010,"17,299","1,875",9.8
36073,NY,Orleans,2011,"17,088","1,754",9.3
36073,NY,Orleans,2012,"16,999","1,853",9.8
36073,NY,Orleans,2013,"16,956","1,743",9.3
36073,NY,Orleans,2014,"16,633","1,393",7.7
36073,NY,Orleans,2015,"16,702","1,144",6.4
36073,NY,Orleans,2016,"16,727","1,033",5.8
36073,NY,Orleans,2017,"16,800","1,047",5.9
36073,NY,Orleans,2018,"17,041",880,4.9
36073,NY,Orleans,2019,"17,134",810,4.5
36073,NY,Orleans,2020,"16,050","1,405",8.0
36073,NY,Orleans,2021,"16,258",891,5.2
36073,NY,Orleans,2022,"16,531",645,3.8
36075,NY,Oswego,2000,"55,788","2,782",4.7
36075,NY,Oswego,2001,"55,261","3,113",5.3
36075,NY,Oswego,2002,"55,482","3,842",6.5
36075,NY,Oswego,2003,"55,430","4,437",7.4
36075,NY,Oswego,2004,"55,620","4,165",7.0
36075,NY,Oswego,2005,"56,465","3,745",6.2
36075,NY,Oswego,2006,"56,805","3,487",5.8
36075,NY,Oswego,2007,"56,021","3,268",5.5
36075,NY,Oswego,2008,"55,918","4,129",6.9
36075,NY,Oswego,2009,"54,081","5,989",10.0
36075,NY,Oswego,2010,"52,573","6,403",10.9
36075,NY,Oswego,2011,"51,792","6,304",10.9
36075,NY,Oswego,2012,"51,445","6,440",11.1
36075,NY,Oswego,2013,"51,407","5,786",10.1
36075,NY,Oswego,2014,"50,518","4,475",8.1
36075,NY,Oswego,2015,"50,041","3,899",7.2
36075,NY,Oswego,2016,"49,835","3,500",6.6
36075,NY,Oswego,2017,"50,231","3,450",6.4
36075,NY,Oswego,2018,"50,975","2,921",5.4
36075,NY,Oswego,2019,"51,128","2,805",5.2
36075,NY,Oswego,2020,"48,666","4,591",8.6
36075,NY,Oswego,2021,"49,530","2,899",5.5
36075,NY,Oswego,2022,"50,779","2,136",4.0
36077,NY,Otsego,2000,"28,408","1,247",4.2
36077,NY,Otsego,2001,"28,885","1,284",4.3
36077,NY,Otsego,2002,"29,804","1,479",4.7
36077,NY,Otsego,2003,"29,481","1,522",4.9
36077,NY,Otsego,2004,"29,792","1,541",4.9
36077,NY,Otsego,2005,"30,483","1,440",4.5
36077,NY,Otsego,2006,"30,588","1,407",4.4
36077,NY,Otsego,2007,"30,159","1,402",4.4
36077,NY,Otsego,2008,"29,689","1,768",5.6
36077,NY,Otsego,2009,"29,229","2,419",7.6
36077,NY,Otsego,2010,"29,443","2,464",7.7
36077,NY,Otsego,2011,"28,972","2,448",7.8
36077,NY,Otsego,2012,"28,909","2,502",8.0
36077,NY,Otsego,2013,"28,920","2,174",7.0
36077,NY,Otsego,2014,"28,240","1,726",5.8
36077,NY,Otsego,2015,"27,100","1,557",5.4
36077,NY,Otsego,2016,"26,806","1,409",5.0
36077,NY,Otsego,2017,"27,119","1,420",5.0
36077,NY,Otsego,2018,"27,416","1,237",4.3
36077,NY,Otsego,2019,"27,433","1,160",4.1
36077,NY,Otsego,2020,"25,341","1,884",6.9
36077,NY,Otsego,2021,"25,871","1,221",4.5
36077,NY,Otsego,2022,"26,137",933,3.4
36079,NY,Putnam,2000,"50,650","1,509",2.9
36079,NY,Putnam,2001,"50,854","1,673",3.2
36079,NY,Putnam,2002,"51,658","2,156",4.0
36079,NY,Putnam,2003,"52,112","2,215",4.1
36079,NY,Putnam,2004,"52,962","2,214",4.0
36079,NY,Putnam,2005,"53,941","2,090",3.7
36079,NY,Putnam,2006,"54,230","1,970",3.5
36079,NY,Putnam,2007,"53,725","1,851",3.3
36079,NY,Putnam,2008,"53,204","2,438",4.4
36079,NY,Putnam,2009,"51,273","3,748",6.8
36079,NY,Putnam,2010,"48,765","3,868",7.3
36079,NY,Putnam,2011,"48,016","3,666",7.1
36079,NY,Putnam,2012,"47,769","3,756",7.3
36079,NY,Putnam,2013,"48,099","3,201",6.2
36079,NY,Putnam,2014,"47,713","2,486",5.0
36079,NY,Putnam,2015,"48,354","2,171",4.3
36079,NY,Putnam,2016,"48,646","2,054",4.1
36079,NY,Putnam,2017,"49,642","2,165",4.2
36079,NY,Putnam,2018,"50,294","1,909",3.7
36079,NY,Putnam,2019,"50,523","1,851",3.5
36079,NY,Putnam,2020,"47,794","3,708",7.2
36079,NY,Putnam,2021,"48,961","2,140",4.2
36079,NY,Putnam,2022,"50,033","1,513",2.9
36081,NY,Queens,2000,"1,006,177","56,202",5.3
36081,NY,Queens,2001,"998,612","57,033",5.4
36081,NY,Queens,2002,"994,972","76,315",7.1
36081,NY,Queens,2003,"984,158","77,803",7.3
36081,NY,Queens,2004,"1,010,578","67,157",6.2
36081,NY,Queens,2005,"1,033,838","55,783",5.1
36081,NY,Queens,2006,"1,046,315","48,245",4.4
36081,NY,Queens,2007,"1,054,783","47,679",4.3
36081,NY,Queens,2008,"1,070,035","56,291",5.0
36081,NY,Queens,2009,"1,038,748","94,855",8.4
36081,NY,Queens,2010,"1,018,207","96,623",8.7
36081,NY,Queens,2011,"1,021,978","90,302",8.1
36081,NY,Queens,2012,"1,029,794","93,845",8.4
36081,NY,Queens,2013,"1,049,995","87,788",7.7
36081,NY,Queens,2014,"1,077,982","71,289",6.2
36081,NY,Queens,2015,"1,095,485","56,657",4.9
36081,NY,Queens,2016,"1,099,048","51,703",4.5
36081,NY,Queens,2017,"1,164,592","47,725",3.9
36081,NY,Queens,2018,"1,150,486","42,960",3.6
36081,NY,Queens,2019,"1,148,834","41,131",3.5
36081,NY,Queens,2020,"1,001,408","141,847",12.4
36081,NY,Queens,2021,"1,029,434","111,517",9.8
36081,NY,Queens,2022,"1,081,470","59,591",5.2
36083,NY,Rensselaer,2000,"77,717","2,904",3.6
36083,NY,Rensselaer,2001,"77,748","3,079",3.8
36083,NY,Rensselaer,2002,"78,434","3,777",4.6
36083,NY,Rensselaer,2003,"78,201","3,843",4.7
36083,NY,Rensselaer,2004,"78,997","3,866",4.7
36083,NY,Rensselaer,2005,"80,248","3,514",4.2
36083,NY,Rensselaer,2006,"80,483","3,418",4.1
36083,NY,Rensselaer,2007,"79,498","3,473",4.2
36083,NY,Rensselaer,2008,"79,411","4,273",5.1
36083,NY,Rensselaer,2009,"77,597","6,324",7.5
36083,NY,Rensselaer,2010,"77,980","6,699",7.9
36083,NY,Rensselaer,2011,"76,538","6,347",7.7
36083,NY,Rensselaer,2012,"76,917","6,558",7.9
36083,NY,Rensselaer,2013,"77,684","5,707",6.8
36083,NY,Rensselaer,2014,"76,657","4,391",5.4
36083,NY,Rensselaer,2015,"77,625","3,814",4.7
36083,NY,Rensselaer,2016,"78,036","3,549",4.4
36083,NY,Rensselaer,2017,"78,844","3,636",4.4
36083,NY,Rensselaer,2018,"79,777","3,203",3.9
36083,NY,Rensselaer,2019,"80,119","2,992",3.6
36083,NY,Rensselaer,2020,"76,864","5,534",6.7
36083,NY,Rensselaer,2021,"78,127","3,599",4.4
36083,NY,Rensselaer,2022,"79,811","2,512",3.1
36085,NY,Richmond,2000,"205,797","11,010",5.1
36085,NY,Richmond,2001,"205,401","11,283",5.2
36085,NY,Richmond,2002,"206,586","15,431",7.0
36085,NY,Richmond,2003,"206,786","16,544",7.4
36085,NY,Richmond,2004,"212,812","14,366",6.3
36085,NY,Richmond,2005,"219,483","11,885",5.1
36085,NY,Richmond,2006,"226,880","10,398",4.4
36085,NY,Richmond,2007,"229,204","10,600",4.4
36085,NY,Richmond,2008,"232,990","12,434",5.1
36085,NY,Richmond,2009,"226,828","20,179",8.2
36085,NY,Richmond,2010,"197,881","20,749",9.5
36085,NY,Richmond,2011,"197,400","20,061",9.2
36085,NY,Richmond,2012,"197,348","20,837",9.6
36085,NY,Richmond,2013,"200,334","19,687",8.9
36085,NY,Richmond,2014,"203,725","15,945",7.3
36085,NY,Richmond,2015,"206,018","12,510",5.7
36085,NY,Richmond,2016,"207,941","11,372",5.2
36085,NY,Richmond,2017,"219,832","10,499",4.6
36085,NY,Richmond,2018,"223,288","9,536",4.1
36085,NY,Richmond,2019,"225,697","9,007",3.8
36085,NY,Richmond,2020,"198,512","23,223",10.5
36085,NY,Richmond,2021,"203,967","20,020",8.9
36085,NY,Richmond,2022,"214,589","12,479",5.5
36087,NY,Rockland,2000,"139,679","4,719",3.3
36087,NY,Rockland,2001,"139,311","5,107",3.5
36087,NY,Rockland,2002,"140,702","6,495",4.4
36087,NY,Rockland,2003,"141,277","7,018",4.7
36087,NY,Rockland,2004,"142,712","6,718",4.5
36087,NY,Rockland,2005,"145,097","6,030",4.0
36087,NY,Rockland,2006,"146,753","5,675",3.7
36087,NY,Rockland,2007,"147,773","5,819",3.8
36087,NY,Rockland,2008,"147,721","7,292",4.7
36087,NY,Rockland,2009,"143,105","10,782",7.0
36087,NY,Rockland,2010,"138,686","11,423",7.6
36087,NY,Rockland,2011,"138,351","10,749",7.2
36087,NY,Rockland,2012,"139,075","11,150",7.4
36087,NY,Rockland,2013,"140,889","9,682",6.4
36087,NY,Rockland,2014,"141,405","7,752",5.2
36087,NY,Rockland,2015,"144,999","6,924",4.6
36087,NY,Rockland,2016,"146,064","6,497",4.3
36087,NY,Rockland,2017,"149,629","6,751",4.3
36087,NY,Rockland,2018,"152,043","5,824",3.7
36087,NY,Rockland,2019,"154,304","5,427",3.4
36087,NY,Rockland,2020,"144,690","12,066",7.7
36087,NY,Rockland,2021,"149,461","6,905",4.4
36087,NY,Rockland,2022,"154,822","4,539",2.8
36089,NY,St. Lawrence,2000,"46,050","2,765",5.7
36089,NY,St. Lawrence,2001,"45,771","2,972",6.1
36089,NY,St. Lawrence,2002,"46,527","3,321",6.7
36089,NY,St. Lawrence,2003,"45,784","3,512",7.1
36089,NY,St. Lawrence,2004,"45,481","3,464",7.1
36089,NY,St. Lawrence,2005,"46,153","2,985",6.1
36089,NY,St. Lawrence,2006,"46,797","2,844",5.7
36089,NY,St. Lawrence,2007,"46,422","2,808",5.7
36089,NY,St. Lawrence,2008,"46,391","3,494",7.0
36089,NY,St. Lawrence,2009,"44,835","4,956",10.0
36089,NY,St. Lawrence,2010,"44,765","5,254",10.5
36089,NY,St. Lawrence,2011,"43,858","5,115",10.4
36089,NY,St. Lawrence,2012,"43,508","5,022",10.3
36089,NY,St. Lawrence,2013,"43,931","4,537",9.4
36089,NY,St. Lawrence,2014,"43,347","3,675",7.8
36089,NY,St. Lawrence,2015,"40,602","3,223",7.4
36089,NY,St. Lawrence,2016,"40,479","2,908",6.7
36089,NY,St. Lawrence,2017,"41,187","2,923",6.6
36089,NY,St. Lawrence,2018,"41,870","2,462",5.6
36089,NY,St. Lawrence,2019,"41,781","2,348",5.3
36089,NY,St. Lawrence,2020,"40,501","3,454",7.9
36089,NY,St. Lawrence,2021,"41,208","2,245",5.2
36089,NY,St. Lawrence,2022,"41,172","1,767",4.1
36091,NY,Saratoga,2000,"106,755","3,650",3.3
36091,NY,Saratoga,2001,"108,445","3,760",3.4
36091,NY,Saratoga,2002,"110,739","4,473",3.9
36091,NY,Saratoga,2003,"111,520","4,671",4.0
36091,NY,Saratoga,2004,"113,085","4,631",3.9
36091,NY,Saratoga,2005,"115,513","4,392",3.7
36091,NY,Saratoga,2006,"116,152","4,237",3.5
36091,NY,Saratoga,2007,"114,914","4,294",3.6
36091,NY,Saratoga,2008,"115,542","5,453",4.5
36091,NY,Saratoga,2009,"114,192","7,875",6.5
36091,NY,Saratoga,2010,"109,818","8,313",7.0
36091,NY,Saratoga,2011,"108,056","7,768",6.7
36091,NY,Saratoga,2012,"109,223","8,107",6.9
36091,NY,Saratoga,2013,"110,894","7,032",6.0
36091,NY,Saratoga,2014,"110,057","5,428",4.7
36091,NY,Saratoga,2015,"111,795","4,875",4.2
36091,NY,Saratoga,2016,"112,934","4,559",3.9
36091,NY,Saratoga,2017,"115,722","4,756",3.9
36091,NY,Saratoga,2018,"117,491","4,256",3.5
36091,NY,Saratoga,2019,"118,367","3,943",3.2
36091,NY,Saratoga,2020,"114,247","7,848",6.4
36091,NY,Saratoga,2021,"116,123","4,616",3.8
36091,NY,Saratoga,2022,"118,577","3,230",2.7
36093,NY,Schenectady,2000,"69,904","2,501",3.5
36093,NY,Schenectady,2001,"69,870","2,457",3.4
36093,NY,Schenectady,2002,"70,747","3,088",4.2
36093,NY,Schenectady,2003,"70,367","3,360",4.6
36093,NY,Schenectady,2004,"70,957","3,378",4.5
36093,NY,Schenectady,2005,"72,205","3,154",4.2
36093,NY,Schenectady,2006,"73,058","3,102",4.1
36093,NY,Schenectady,2007,"72,334","3,076",4.1
36093,NY,Schenectady,2008,"72,573","3,843",5.0
36093,NY,Schenectady,2009,"71,134","5,681",7.4
36093,NY,Schenectady,2010,"72,913","6,172",7.8
36093,NY,Schenectady,2011,"71,348","5,830",7.6
36093,NY,Schenectady,2012,"71,862","6,072",7.8
36093,NY,Schenectady,2013,"72,602","5,355",6.9
36093,NY,Schenectady,2014,"71,888","4,110",5.4
36093,NY,Schenectady,2015,"72,028","3,592",4.8
36093,NY,Schenectady,2016,"72,465","3,342",4.4
36093,NY,Schenectady,2017,"73,869","3,444",4.5
36093,NY,Schenectady,2018,"74,748","3,099",4.0
36093,NY,Schenectady,2019,"75,383","2,867",3.7
36093,NY,Schenectady,2020,"72,622","6,058",7.7
36093,NY,Schenectady,2021,"73,829","3,835",4.9
36093,NY,Schenectady,2022,"75,444","2,577",3.3
36095,NY,Schoharie,2000,"14,512",644,4.2
36095,NY,Schoharie,2001,"14,600",649,4.3
36095,NY,Schoharie,2002,"14,679",889,5.7
36095,NY,Schoharie,2003,"14,621",834,5.4
36095,NY,Schoharie,2004,"14,729",866,5.6
36095,NY,Schoharie,2005,"15,044",803,5.1
36095,NY,Schoharie,2006,"15,046",809,5.1
36095,NY,Schoharie,2007,"14,799",892,5.7
36095,NY,Schoharie,2008,"14,717","1,069",6.8
36095,NY,Schoharie,2009,"14,183","1,405",9.0
36095,NY,Schoharie,2010,"14,492","1,450",9.1
36095,NY,Schoharie,2011,"14,174","1,408",9.0
36095,NY,Schoharie,2012,"13,996","1,439",9.3
36095,NY,Schoharie,2013,"14,013","1,274",8.3
36095,NY,Schoharie,2014,"13,728",996,6.8
36095,NY,Schoharie,2015,"13,793",857,5.8
36095,NY,Schoharie,2016,"13,917",814,5.5
36095,NY,Schoharie,2017,"14,123",813,5.4
36095,NY,Schoharie,2018,"14,229",716,4.8
36095,NY,Schoharie,2019,"14,350",667,4.4
36095,NY,Schoharie,2020,"13,854","1,013",6.8
36095,NY,Schoharie,2021,"14,017",676,4.6
36095,NY,Schoharie,2022,"14,264",534,3.6
36097,NY,Schuyler,2000,"8,957",418,4.5
36097,NY,Schuyler,2001,"8,915",508,5.4
36097,NY,Schuyler,2002,"8,969",679,7.0
36097,NY,Schuyler,2003,"9,139",639,6.5
36097,NY,Schuyler,2004,"9,187",586,6.0
36097,NY,Schuyler,2005,"9,335",541,5.5
36097,NY,Schuyler,2006,"9,471",502,5.0
36097,NY,Schuyler,2007,"9,458",488,4.9
36097,NY,Schuyler,2008,"9,501",577,5.7
36097,NY,Schuyler,2009,"9,206",853,8.5
36097,NY,Schuyler,2010,"8,213",840,9.3
36097,NY,Schuyler,2011,"8,219",803,8.9
36097,NY,Schuyler,2012,"8,162",859,9.5
36097,NY,Schuyler,2013,"8,073",800,9.0
36097,NY,Schuyler,2014,"7,987",608,7.1
36097,NY,Schuyler,2015,"7,784",555,6.7
36097,NY,Schuyler,2016,"7,775",506,6.1
36097,NY,Schuyler,2017,"7,881",482,5.8
36097,NY,Schuyler,2018,"7,980",427,5.1
36097,NY,Schuyler,2019,"7,898",366,4.4
36097,NY,Schuyler,2020,"7,544",684,8.3
36097,NY,Schuyler,2021,"7,746",403,4.9
36097,NY,Schuyler,2022,"7,755",296,3.7
36099,NY,Seneca,2000,"15,706",676,4.1
36099,NY,Seneca,2001,"15,800",709,4.3
36099,NY,Seneca,2002,"16,136",933,5.5
36099,NY,Seneca,2003,"16,227",941,5.5
36099,NY,Seneca,2004,"16,271",908,5.3
36099,NY,Seneca,2005,"16,519",808,4.7
36099,NY,Seneca,2006,"16,564",777,4.5
36099,NY,Seneca,2007,"16,218",742,4.4
36099,NY,Seneca,2008,"16,123",929,5.4
36099,NY,Seneca,2009,"15,886","1,326",7.7
36099,NY,Seneca,2010,"15,065","1,374",8.4
36099,NY,Seneca,2011,"14,840","1,287",8.0
36099,NY,Seneca,2012,"14,905","1,312",8.1
36099,NY,Seneca,2013,"14,770","1,131",7.1
36099,NY,Seneca,2014,"14,616",881,5.7
36099,NY,Seneca,2015,"14,883",816,5.2
36099,NY,Seneca,2016,"14,743",751,4.8
36099,NY,Seneca,2017,"15,631",739,4.5
36099,NY,Seneca,2018,"15,818",629,3.8
36099,NY,Seneca,2019,"15,744",599,3.7
36099,NY,Seneca,2020,"14,388","1,218",7.8
36099,NY,Seneca,2021,"14,477",721,4.7
36099,NY,Seneca,2022,"14,375",477,3.2
36101,NY,Steuben,2000,"45,979","1,949",4.1
36101,NY,Steuben,2001,"45,951","2,377",4.9
36101,NY,Steuben,2002,"43,747","3,381",7.2
36101,NY,Steuben,2003,"41,587","3,329",7.4
36101,NY,Steuben,2004,"41,168","2,849",6.5
36101,NY,Steuben,2005,"42,040","2,531",5.7
36101,NY,Steuben,2006,"42,371","2,345",5.2
36101,NY,Steuben,2007,"42,337","2,305",5.2
36101,NY,Steuben,2008,"42,828","2,737",6.0
36101,NY,Steuben,2009,"41,528","4,516",9.8
36101,NY,Steuben,2010,"42,744","4,621",9.8
36101,NY,Steuben,2011,"41,952","4,244",9.2
36101,NY,Steuben,2012,"41,432","4,334",9.5
36101,NY,Steuben,2013,"41,698","3,951",8.7
36101,NY,Steuben,2014,"40,980","3,057",6.9
36101,NY,Steuben,2015,"40,872","2,770",6.3
36101,NY,Steuben,2016,"40,628","2,559",5.9
36101,NY,Steuben,2017,"40,984","2,471",5.7
36101,NY,Steuben,2018,"41,418","2,131",4.9
36101,NY,Steuben,2019,"41,637","1,902",4.4
36101,NY,Steuben,2020,"39,530","3,369",7.9
36101,NY,Steuben,2021,"39,810","2,099",5.0
36101,NY,Steuben,2022,"39,856","1,497",3.6
36103,NY,Suffolk,2000,"708,288","24,996",3.4
36103,NY,Suffolk,2001,"709,201","28,096",3.8
36103,NY,Suffolk,2002,"718,442","35,648",4.7
36103,NY,Suffolk,2003,"723,488","36,918",4.9
36103,NY,Suffolk,2004,"730,779","36,263",4.7
36103,NY,Suffolk,2005,"744,496","32,701",4.2
36103,NY,Suffolk,2006,"756,568","30,767",3.9
36103,NY,Suffolk,2007,"756,666","29,848",3.8
36103,NY,Suffolk,2008,"754,554","39,353",5.0
36103,NY,Suffolk,2009,"733,488","58,626",7.4
36103,NY,Suffolk,2010,"716,989","61,562",7.9
36103,NY,Suffolk,2011,"712,479","59,159",7.7
36103,NY,Suffolk,2012,"716,784","61,443",7.9
36103,NY,Suffolk,2013,"727,742","52,777",6.8
36103,NY,Suffolk,2014,"723,564","41,505",5.4
36103,NY,Suffolk,2015,"738,096","36,754",4.7
36103,NY,Suffolk,2016,"739,954","34,284",4.4
36103,NY,Suffolk,2017,"755,844","35,201",4.4
36103,NY,Suffolk,2018,"763,450","30,241",3.8
36103,NY,Suffolk,2019,"770,183","28,213",3.5
36103,NY,Suffolk,2020,"719,988","63,530",8.1
36103,NY,Suffolk,2021,"749,254","35,997",4.6
36103,NY,Suffolk,2022,"775,848","24,984",3.1
36105,NY,Sullivan,2000,"31,618","1,432",4.3
36105,NY,Sullivan,2001,"31,764","1,514",4.5
36105,NY,Sullivan,2002,"32,598","1,731",5.0
36105,NY,Sullivan,2003,"32,545","1,823",5.3
36105,NY,Sullivan,2004,"32,968","1,871",5.4
36105,NY,Sullivan,2005,"33,428","1,709",4.9
36105,NY,Sullivan,2006,"33,613","1,783",5.0
36105,NY,Sullivan,2007,"33,353","1,802",5.1
36105,NY,Sullivan,2008,"33,103","2,277",6.4
36105,NY,Sullivan,2009,"32,273","3,124",8.8
36105,NY,Sullivan,2010,"33,196","3,313",9.1
36105,NY,Sullivan,2011,"32,361","3,174",8.9
36105,NY,Sullivan,2012,"32,006","3,259",9.2
36105,NY,Sullivan,2013,"31,677","2,884",8.3
36105,NY,Sullivan,2014,"31,034","2,207",6.6
36105,NY,Sullivan,2015,"31,826","1,832",5.4
36105,NY,Sullivan,2016,"32,392","1,656",4.9
36105,NY,Sullivan,2017,"33,233","1,705",4.9
36105,NY,Sullivan,2018,"35,228","1,496",4.1
36105,NY,Sullivan,2019,"36,079","1,417",3.8
36105,NY,Sullivan,2020,"33,602","3,071",8.4
36105,NY,Sullivan,2021,"34,800","1,794",4.9
36105,NY,Sullivan,2022,"36,153","1,220",3.3
36107,NY,Tioga,2000,"25,559",906,3.4
36107,NY,Tioga,2001,"25,387","1,091",4.1
36107,NY,Tioga,2002,"25,253","1,482",5.5
36107,NY,Tioga,2003,"24,803","1,501",5.7
36107,NY,Tioga,2004,"24,700","1,377",5.3
36107,NY,Tioga,2005,"25,050","1,245",4.7
36107,NY,Tioga,2006,"25,328","1,136",4.3
36107,NY,Tioga,2007,"24,923","1,204",4.6
36107,NY,Tioga,2008,"24,797","1,367",5.2
36107,NY,Tioga,2009,"24,098","2,157",8.2
36107,NY,Tioga,2010,"24,427","2,161",8.1
36107,NY,Tioga,2011,"23,851","2,002",7.7
36107,NY,Tioga,2012,"23,394","2,035",8.0
36107,NY,Tioga,2013,"23,121","1,822",7.3
36107,NY,Tioga,2014,"22,288","1,460",6.1
36107,NY,Tioga,2015,"22,042","1,304",5.6
36107,NY,Tioga,2016,"21,824","1,203",5.2
36107,NY,Tioga,2017,"21,984","1,184",5.1
36107,NY,Tioga,2018,"22,360","1,013",4.3
36107,NY,Tioga,2019,"22,298",920,4.0
36107,NY,Tioga,2020,"20,957","1,701",7.5
36107,NY,Tioga,2021,"21,274",992,4.5
36107,NY,Tioga,2022,"21,546",715,3.2
36109,NY,Tompkins,2000,"49,018","1,648",3.3
36109,NY,Tompkins,2001,"49,532","1,730",3.4
36109,NY,Tompkins,2002,"50,407","2,166",4.1
36109,NY,Tompkins,2003,"51,117","2,124",4.0
36109,NY,Tompkins,2004,"51,672","2,200",4.1
36109,NY,Tompkins,2005,"52,614","1,953",3.6
36109,NY,Tompkins,2006,"53,511","1,884",3.4
36109,NY,Tompkins,2007,"53,423","1,832",3.3
36109,NY,Tompkins,2008,"53,517","2,283",4.1
36109,NY,Tompkins,2009,"53,291","3,377",6.0
36109,NY,Tompkins,2010,"51,355","3,443",6.3
36109,NY,Tompkins,2011,"50,948","3,311",6.1
36109,NY,Tompkins,2012,"51,558","3,418",6.2
36109,NY,Tompkins,2013,"52,848","2,982",5.3
36109,NY,Tompkins,2014,"52,262","2,416",4.4
36109,NY,Tompkins,2015,"48,107","2,229",4.4
36109,NY,Tompkins,2016,"48,245","2,132",4.2
36109,NY,Tompkins,2017,"48,645","2,194",4.3
36109,NY,Tompkins,2018,"49,287","1,835",3.6
36109,NY,Tompkins,2019,"48,733","1,756",3.5
36109,NY,Tompkins,2020,"46,903","2,899",5.8
36109,NY,Tompkins,2021,"47,908","1,875",3.8
36109,NY,Tompkins,2022,"48,687","1,390",2.8
36111,NY,Ulster,2000,"85,155","3,126",3.5
36111,NY,Ulster,2001,"84,873","3,350",3.8
36111,NY,Ulster,2002,"86,753","4,040",4.4
36111,NY,Ulster,2003,"87,108","4,221",4.6
36111,NY,Ulster,2004,"86,667","4,488",4.9
36111,NY,Ulster,2005,"87,759","4,000",4.4
36111,NY,Ulster,2006,"88,753","3,831",4.1
36111,NY,Ulster,2007,"86,455","3,859",4.3
36111,NY,Ulster,2008,"85,167","4,851",5.4
36111,NY,Ulster,2009,"82,926","7,052",7.8
36111,NY,Ulster,2010,"86,236","7,443",7.9
36111,NY,Ulster,2011,"84,188","7,229",7.9
36111,NY,Ulster,2012,"83,282","7,632",8.4
36111,NY,Ulster,2013,"83,635","6,614",7.3
36111,NY,Ulster,2014,"82,831","5,052",5.7
36111,NY,Ulster,2015,"83,923","4,270",4.8
36111,NY,Ulster,2016,"84,222","3,967",4.5
36111,NY,Ulster,2017,"85,621","4,058",4.5
36111,NY,Ulster,2018,"86,721","3,496",3.9
36111,NY,Ulster,2019,"86,710","3,230",3.6
36111,NY,Ulster,2020,"81,165","6,766",7.7
36111,NY,Ulster,2021,"83,249","4,098",4.7
36111,NY,Ulster,2022,"84,853","2,764",3.2
36113,NY,Warren,2000,"31,859","1,375",4.1
36113,NY,Warren,2001,"31,820","1,477",4.4
36113,NY,Warren,2002,"32,060","1,697",5.0
36113,NY,Warren,2003,"32,677","1,779",5.2
36113,NY,Warren,2004,"33,180","1,731",5.0
36113,NY,Warren,2005,"33,825","1,625",4.6
36113,NY,Warren,2006,"34,880","1,635",4.5
36113,NY,Warren,2007,"34,666","1,588",4.4
36113,NY,Warren,2008,"34,380","2,025",5.6
36113,NY,Warren,2009,"33,520","2,926",8.0
36113,NY,Warren,2010,"31,054","3,138",9.2
36113,NY,Warren,2011,"30,644","3,028",9.0
36113,NY,Warren,2012,"30,577","3,139",9.3
36113,NY,Warren,2013,"30,340","2,775",8.4
36113,NY,Warren,2014,"30,116","2,144",6.6
36113,NY,Warren,2015,"30,407","1,795",5.6
36113,NY,Warren,2016,"30,292","1,711",5.3
36113,NY,Warren,2017,"30,733","1,701",5.2
36113,NY,Warren,2018,"30,734","1,487",4.6
36113,NY,Warren,2019,"30,545","1,398",4.4
36113,NY,Warren,2020,"28,988","2,565",8.1
36113,NY,Warren,2021,"29,763","1,543",4.9
36113,NY,Warren,2022,"30,212","1,076",3.4
36115,NY,Washington,2000,"28,946","1,110",3.7
36115,NY,Washington,2001,"28,898","1,213",4.0
36115,NY,Washington,2002,"29,009","1,415",4.7
36115,NY,Washington,2003,"29,514","1,426",4.6
36115,NY,Washington,2004,"30,203","1,514",4.8
36115,NY,Washington,2005,"30,683","1,440",4.5
36115,NY,Washington,2006,"31,553","1,345",4.1
36115,NY,Washington,2007,"31,024","1,319",4.1
36115,NY,Washington,2008,"30,879","1,717",5.3
36115,NY,Washington,2009,"30,059","2,459",7.6
36115,NY,Washington,2010,"27,716","2,549",8.4
36115,NY,Washington,2011,"27,340","2,432",8.2
36115,NY,Washington,2012,"27,351","2,506",8.4
36115,NY,Washington,2013,"27,135","2,248",7.7
36115,NY,Washington,2014,"26,779","1,751",6.1
36115,NY,Washington,2015,"27,159","1,446",5.1
36115,NY,Washington,2016,"27,012","1,340",4.7
36115,NY,Washington,2017,"27,325","1,321",4.6
36115,NY,Washington,2018,"27,376","1,178",4.1
36115,NY,Washington,2019,"27,450","1,109",3.9
36115,NY,Washington,2020,"25,816","1,921",6.9
36115,NY,Washington,2021,"26,356","1,279",4.6
36115,NY,Washington,2022,"26,662",890,3.2
36117,NY,Wayne,2000,"46,999","1,844",3.8
36117,NY,Wayne,2001,"46,465","2,249",4.6
36117,NY,Wayne,2002,"46,000","3,113",6.3
36117,NY,Wayne,2003,"45,751","2,927",6.0
36117,NY,Wayne,2004,"45,697","2,702",5.6
36117,NY,Wayne,2005,"46,552","2,407",4.9
36117,NY,Wayne,2006,"46,353","2,269",4.7
36117,NY,Wayne,2007,"45,264","2,206",4.6
36117,NY,Wayne,2008,"45,050","2,764",5.8
36117,NY,Wayne,2009,"43,678","4,032",8.5
36117,NY,Wayne,2010,"43,191","4,261",9.0
36117,NY,Wayne,2011,"42,565","3,932",8.5
36117,NY,Wayne,2012,"42,421","4,039",8.7
36117,NY,Wayne,2013,"42,348","3,568",7.8
36117,NY,Wayne,2014,"41,591","2,762",6.2
36117,NY,Wayne,2015,"41,844","2,373",5.4
36117,NY,Wayne,2016,"41,779","2,231",5.1
36117,NY,Wayne,2017,"42,273","2,197",4.9
36117,NY,Wayne,2018,"42,900","1,839",4.1
36117,NY,Wayne,2019,"43,264","1,726",3.8
36117,NY,Wayne,2020,"40,696","3,117",7.1
36117,NY,Wayne,2021,"41,339","1,951",4.5
36117,NY,Wayne,2022,"42,101","1,391",3.2
36119,NY,Westchester,2000,"446,737","15,546",3.4
36119,NY,Westchester,2001,"446,337","17,553",3.8
36119,NY,Westchester,2002,"449,680","21,599",4.6
36119,NY,Westchester,2003,"450,228","21,455",4.5
36119,NY,Westchester,2004,"455,285","21,482",4.5
36119,NY,Westchester,2005,"462,826","19,356",4.0
36119,NY,Westchester,2006,"469,079","18,507",3.8
36119,NY,Westchester,2007,"470,894","17,810",3.6
36119,NY,Westchester,2008,"468,768","23,304",4.7
36119,NY,Westchester,2009,"452,610","35,157",7.2
36119,NY,Westchester,2010,"443,099","35,957",7.5
36119,NY,Westchester,2011,"440,360","33,801",7.1
36119,NY,Westchester,2012,"441,625","35,110",7.4
36119,NY,Westchester,2013,"446,382","30,617",6.4
36119,NY,Westchester,2014,"445,694","24,312",5.2
36119,NY,Westchester,2015,"455,780","21,852",4.6
36119,NY,Westchester,2016,"457,115","20,848",4.4
36119,NY,Westchester,2017,"467,736","21,940",4.5
36119,NY,Westchester,2018,"473,717","18,986",3.9
36119,NY,Westchester,2019,"480,302","17,882",3.6
36119,NY,Westchester,2020,"449,454","39,142",8.0
36119,NY,Westchester,2021,"464,437","23,473",4.8
36119,NY,Westchester,2022,"480,910","15,505",3.1
36121,NY,Wyoming,2000,"19,332",951,4.7
36121,NY,Wyoming,2001,"19,316",999,4.9
36121,NY,Wyoming,2002,"19,986","1,226",5.8
36121,NY,Wyoming,2003,"19,790","1,291",6.1
36121,NY,Wyoming,2004,"19,629","1,322",6.3
36121,NY,Wyoming,2005,"20,291","1,128",5.3
36121,NY,Wyoming,2006,"20,769","1,064",4.9
36121,NY,Wyoming,2007,"20,351","1,030",4.8
36121,NY,Wyoming,2008,"19,921","1,303",6.1
36121,NY,Wyoming,2009,"19,127","1,914",9.1
36121,NY,Wyoming,2010,"17,601","1,869",9.6
36121,NY,Wyoming,2011,"17,246","1,663",8.8
36121,NY,Wyoming,2012,"17,183","1,693",9.0
36121,NY,Wyoming,2013,"17,272","1,528",8.1
36121,NY,Wyoming,2014,"17,126","1,205",6.6
36121,NY,Wyoming,2015,"17,307","1,043",5.7
36121,NY,Wyoming,2016,"17,133",982,5.4
36121,NY,Wyoming,2017,"17,220","1,017",5.6
36121,NY,Wyoming,2018,"17,520",843,4.6
36121,NY,Wyoming,2019,"17,767",776,4.2
36121,NY,Wyoming,2020,"16,964","1,320",7.2
36121,NY,Wyoming,2021,"17,234",819,4.5
36121,NY,Wyoming,2022,"16,899",611,3.5
36123,NY,Yates,2000,"11,640",445,3.7
36123,NY,Yates,2001,"11,571",460,3.8
36123,NY,Yates,2002,"11,966",619,4.9
36123,NY,Yates,2003,"12,250",626,4.9
36123,NY,Yates,2004,"12,424",600,4.6
36123,NY,Yates,2005,"12,427",561,4.3
36123,NY,Yates,2006,"12,510",550,4.2
36123,NY,Yates,2007,"12,493",537,4.1
36123,NY,Yates,2008,"12,505",635,4.8
36123,NY,Yates,2009,"12,328",907,6.9
36123,NY,Yates,2010,"11,317",922,7.5
36123,NY,Yates,2011,"11,190",914,7.6
36123,NY,Yates,2012,"11,116",955,7.9
36123,NY,Yates,2013,"11,122",839,7.0
36123,NY,Yates,2014,"11,011",666,5.7
36123,NY,Yates,2015,"11,134",588,5.0
36123,NY,Yates,2016,"11,194",526,4.5
36123,NY,Yates,2017,"11,322",516,4.4
36123,NY,Yates,2018,"11,593",451,3.7
36123,NY,Yates,2019,"11,788",435,3.6
36123,NY,Yates,2020,"11,103",741,6.3
36123,NY,Yates,2021,"11,200",450,3.9
36123,NY,Yates,2022,"11,328",343,2.9
